Startpoint: _175196_ (rising edge-triggered flip-flop clocked by clk)
Endpoint: _170437_ (rising edge-triggered flip-flop clocked by clk)
Path Group: clk
Path Type: max

        Cap        Slew       Delay        Time   Description
---------------------------------------------------------------------------------------
                           0.000000    0.000000   clock clk (rise edge)
                           0.363399    0.363399   clock network delay (propagated)
               0.015980    0.000000    0.363399 ^ _175196_/CK (DFFR_X2)
  71.677971    0.081585    0.207993    0.571392 ^ _175196_/Q (DFFR_X2)
                                                  aes_state_q[2] (net)
               0.081677    0.003054    0.574446 ^ fanout11913/A (BUF_X16)
 141.235596    0.019703    0.042920    0.617366 ^ fanout11913/Z (BUF_X16)
                                                  net11913 (net)
               0.023127    0.009205    0.626571 ^ fanout11912/A (BUF_X16)
 156.233932    0.007972    0.024785    0.651355 ^ fanout11912/Z (BUF_X16)
                                                  net11912 (net)
               0.070508    0.056190    0.707545 ^ _138392_/A2 (OR2_X4)
  71.983742    0.040813    0.070434    0.777979 ^ _138392_/ZN (OR2_X4)
                                                  _062500_ (net)
               0.042102    0.008703    0.786682 ^ _138504_/A2 (NOR2_X2)
   9.205256    0.014703    0.021717    0.808399 v _138504_/ZN (NOR2_X2)
                                                  _062612_ (net)
               0.014704    0.000229    0.808628 v _140874_/A2 (NOR4_X2)
   3.776744    0.043958    0.068141    0.876769 ^ _140874_/ZN (NOR4_X2)
                                                  _064978_ (net)
               0.043958    0.000124    0.876893 ^ _140878_/B1 (OAI222_X2)
   6.537792    0.025121    0.048417    0.925310 v _140878_/ZN (OAI222_X2)
                                                  _064982_ (net)
               0.025121    0.000559    0.925869 v _140879_/A2 (OR2_X1)
   3.949007    0.011445    0.061228    0.987097 v _140879_/ZN (OR2_X1)
                                                  _064983_ (net)
               0.011445    0.000218    0.987315 v _140881_/C2 (AOI222_X2)
  17.874632    0.098327    0.151278    1.138593 ^ _140881_/ZN (AOI222_X2)
                                                  _064985_ (net)
               0.098331    0.002077    1.140669 ^ _140884_/A3 (NAND3_X1)
   5.657660    0.026604    0.044599    1.185269 v _140884_/ZN (NAND3_X1)
                                                  _064988_ (net)
               0.026605    0.000182    1.185451 v _140885_/A2 (AND2_X1)
   5.604237    0.009886    0.046522    1.231972 v _140885_/ZN (AND2_X1)
                                                  _064989_ (net)
               0.009886    0.000190    1.232162 v _143508_/A1 (OR3_X1)
   2.801666    0.014402    0.068473    1.300635 v _143508_/ZN (OR3_X1)
                                                  _067586_ (net)
               0.014402    0.000055    1.300690 v _143510_/A2 (AND3_X1)
   3.001509    0.007870    0.038487    1.339177 v _143510_/ZN (AND3_X1)
                                                  _067588_ (net)
               0.007870    0.000057    1.339234 v _143513_/A2 (OR3_X1)
   3.321317    0.015017    0.080505    1.419739 v _143513_/ZN (OR3_X1)
                                                  _067591_ (net)
               0.015017    0.000124    1.419863 v _143514_/A3 (AND3_X1)
   2.189807    0.007110    0.039199    1.459063 v _143514_/ZN (AND3_X1)
                                                  _067592_ (net)
               0.007110    0.000095    1.459158 v _143524_/B1 (OAI33_X1)
   8.834824    0.110160    0.121636    1.580794 ^ _143524_/ZN (OAI33_X1)
                                                  _067602_ (net)
               0.110161    0.000752    1.581547 ^ _143568_/C2 (OAI211_X4)
  59.267365    0.059216    0.092268    1.673815 v _143568_/ZN (OAI211_X4)
                                                  _067646_ (net)
               0.059839    0.013079    1.686893 v _148595_/A2 (AND3_X1)
   8.052814    0.013542    0.067345    1.754238 v _148595_/ZN (AND3_X1)
                                                  _071254_ (net)
               0.013542    0.000130    1.754368 v _150405_/A2 (OR3_X2)
   7.885311    0.015072    0.079510    1.833878 v _150405_/ZN (OR3_X2)
                                                  _072938_ (net)
               0.015072    0.000243    1.834121 v _150408_/A4 (AND4_X1)
   6.422097    0.011576    0.050702    1.884823 v _150408_/ZN (AND4_X1)
                                                  _072941_ (net)
               0.011577    0.000297    1.885121 v _150409_/A3 (NOR3_X4)
  46.995903    0.093254    0.124685    2.009806 ^ _150409_/ZN (NOR3_X4)
                                                  _072942_ (net)
               0.094474    0.014362    2.024168 ^ _150731_/A (XOR2_X2)
   3.998406    0.024241    0.058368    2.082535 ^ _150731_/Z (XOR2_X2)
                                                  _073233_ (net)
               0.024241    0.000076    2.082611 ^ _150732_/A3 (NAND3_X1)
   3.383278    0.020999    0.028436    2.111048 v _150732_/ZN (NAND3_X1)
                                                  _073234_ (net)
               0.020999    0.000123    2.111171 v _150737_/B2 (AOI221_X2)
   2.163504    0.037202    0.077369    2.188540 ^ _150737_/ZN (AOI221_X2)
                                                  _073239_ (net)
               0.037202    0.000080    2.188620 ^ _150740_/B1 (OAI21_X1)
   1.153842    0.012302    0.017260    2.205879 v _150740_/ZN (OAI21_X1)
                                                  _073242_ (net)
               0.012302    0.000024    2.205904 v _150741_/A2 (AND2_X1)
   1.582275    0.005961    0.032301    2.238204 v _150741_/ZN (AND2_X1)
                                                  _005429_ (net)
               0.005961    0.000060    2.238265 v _170437_/D (DFFR_X2)
                                       2.238265   data arrival time

                           5.000000    5.000000   clock clk (rise edge)
                           0.355448    5.355448   clock network delay (propagated)
                          -0.100000    5.255448   clock uncertainty
                           0.000000    5.255448   clock reconvergence pessimism
                                       5.255448 ^ _170437_/CK (DFFR_X2)
                          -0.036739    5.218709   library setup time
                                       5.218709   data required time
---------------------------------------------------------------------------------------
                                       5.218709   data required time
                                      -2.238265   data arrival time
---------------------------------------------------------------------------------------
                                       2.980445   slack (MET)


Startpoint: _175196_ (rising edge-triggered flip-flop clocked by clk)
Endpoint: _170438_ (rising edge-triggered flip-flop clocked by clk)
Path Group: clk
Path Type: max

        Cap        Slew       Delay        Time   Description
---------------------------------------------------------------------------------------
                           0.000000    0.000000   clock clk (rise edge)
                           0.363399    0.363399   clock network delay (propagated)
               0.015980    0.000000    0.363399 ^ _175196_/CK (DFFR_X2)
  71.677971    0.081585    0.207993    0.571392 ^ _175196_/Q (DFFR_X2)
                                                  aes_state_q[2] (net)
               0.081677    0.003054    0.574446 ^ fanout11913/A (BUF_X16)
 141.235596    0.019703    0.042920    0.617366 ^ fanout11913/Z (BUF_X16)
                                                  net11913 (net)
               0.023127    0.009205    0.626571 ^ fanout11912/A (BUF_X16)
 156.233932    0.007972    0.024785    0.651355 ^ fanout11912/Z (BUF_X16)
                                                  net11912 (net)
               0.070508    0.056190    0.707545 ^ _138392_/A2 (OR2_X4)
  71.983742    0.040813    0.070434    0.777979 ^ _138392_/ZN (OR2_X4)
                                                  _062500_ (net)
               0.042102    0.008703    0.786682 ^ _138504_/A2 (NOR2_X2)
   9.205256    0.014703    0.021717    0.808399 v _138504_/ZN (NOR2_X2)
                                                  _062612_ (net)
               0.014704    0.000229    0.808628 v _140874_/A2 (NOR4_X2)
   3.776744    0.043958    0.068141    0.876769 ^ _140874_/ZN (NOR4_X2)
                                                  _064978_ (net)
               0.043958    0.000124    0.876893 ^ _140878_/B1 (OAI222_X2)
   6.537792    0.025121    0.048417    0.925310 v _140878_/ZN (OAI222_X2)
                                                  _064982_ (net)
               0.025121    0.000559    0.925869 v _140879_/A2 (OR2_X1)
   3.949007    0.011445    0.061228    0.987097 v _140879_/ZN (OR2_X1)
                                                  _064983_ (net)
               0.011445    0.000218    0.987315 v _140881_/C2 (AOI222_X2)
  17.874632    0.098327    0.151278    1.138593 ^ _140881_/ZN (AOI222_X2)
                                                  _064985_ (net)
               0.098332    0.002310    1.140903 ^ _142193_/B (XNOR2_X1)
   2.997709    0.025313    0.056597    1.197500 ^ _142193_/ZN (XNOR2_X1)
                                                  _066288_ (net)
               0.025313    0.000112    1.197612 ^ _142194_/B (XNOR2_X1)
   5.199769    0.034351    0.051248    1.248859 ^ _142194_/ZN (XNOR2_X1)
                                                  _066289_ (net)
               0.034351    0.000166    1.249025 ^ _142195_/B (XOR2_X1)
   3.066519    0.027612    0.057867    1.306892 ^ _142195_/Z (XOR2_X1)
                                                  _066290_ (net)
               0.027612    0.000122    1.307014 ^ _142196_/B (XNOR2_X1)
   4.232812    0.029774    0.049406    1.356420 ^ _142196_/ZN (XNOR2_X1)
                                                  _066291_ (net)
               0.029774    0.000091    1.356511 ^ _142200_/A (XNOR2_X2)
   5.457526    0.013030    0.021603    1.378114 v _142200_/ZN (XNOR2_X2)
                                                  _066295_ (net)
               0.013031    0.000409    1.378523 v _142206_/C2 (AOI211_X2)
  17.909101    0.086235    0.103069    1.481593 ^ _142206_/ZN (AOI211_X2)
                                                  _066301_ (net)
               0.086243    0.002623    1.484216 ^ _142207_/B (XNOR2_X1)
   3.336634    0.026538    0.034694    1.518909 v _142207_/ZN (XNOR2_X1)
                                                  _066302_ (net)
               0.026538    0.000129    1.519039 v _142251_/C2 (AOI221_X2)
  17.947126    0.091512    0.117325    1.636363 ^ _142251_/ZN (AOI221_X2)
                                                  _066346_ (net)
               0.091512    0.000547    1.636910 ^ wire10039/A (BUF_X4)
  45.292309    0.027440    0.052317    1.689227 ^ wire10039/Z (BUF_X4)
                                                  net10039 (net)
               0.027825    0.004771    1.693998 ^ _150365_/B2 (OAI21_X2)
   7.122277    0.014884    0.026187    1.720185 v _150365_/ZN (OAI21_X2)
                                                  _072899_ (net)
               0.014884    0.000092    1.720277 v _150369_/A2 (AND4_X1)
   8.862058    0.013815    0.050348    1.770625 v _150369_/ZN (AND4_X1)
                                                  _072903_ (net)
               0.013815    0.000250    1.770875 v _150373_/A2 (OR4_X2)
   5.877980    0.017893    0.100514    1.871390 v _150373_/ZN (OR4_X2)
                                                  _072907_ (net)
               0.017894    0.000182    1.871571 v _150375_/B1 (AOI21_X4)
  55.877361    0.073614    0.084094    1.955666 ^ _150375_/ZN (AOI21_X4)
                                                  _072909_ (net)
               0.075284    0.015793    1.971459 ^ _150719_/A (XNOR2_X1)
   2.856004    0.022610    0.026647    1.998106 v _150719_/ZN (XNOR2_X1)
                                                  _073222_ (net)
               0.022610    0.000073    1.998179 v _150720_/A3 (OR3_X1)
   2.001201    0.013521    0.086200    2.084378 v _150720_/ZN (OR3_X1)
                                                  _073223_ (net)
               0.013521    0.000062    2.084440 v _150722_/A2 (NAND3_X1)
   4.974065    0.018730    0.028220    2.112661 ^ _150722_/ZN (NAND3_X1)
                                                  _073225_ (net)
               0.018731    0.000338    2.112998 ^ _150723_/A (OAI221_X2)
   3.615093    0.017942    0.034565    2.147563 v _150723_/ZN (OAI221_X2)
                                                  _073226_ (net)
               0.017942    0.000107    2.147670 v _150726_/B1 (AOI221_X2)
   2.201977    0.037340    0.068308    2.215979 ^ _150726_/ZN (AOI221_X2)
                                                  _073229_ (net)
               0.037340    0.000090    2.216069 ^ _150727_/B1 (AOI21_X1)
   1.352461    0.012639    0.018166    2.234235 v _150727_/ZN (AOI21_X1)
                                                  _005428_ (net)
               0.012639    0.000031    2.234266 v _170438_/D (DFFR_X2)
                                       2.234266   data arrival time

                           5.000000    5.000000   clock clk (rise edge)
                           0.355324    5.355324   clock network delay (propagated)
                          -0.100000    5.255324   clock uncertainty
                           0.000000    5.255324   clock reconvergence pessimism
                                       5.255324 ^ _170438_/CK (DFFR_X2)
                          -0.039642    5.215682   library setup time
                                       5.215682   data required time
---------------------------------------------------------------------------------------
                                       5.215682   data required time
                                      -2.234266   data arrival time
---------------------------------------------------------------------------------------
                                       2.981416   slack (MET)


Startpoint: _175196_ (rising edge-triggered flip-flop clocked by clk)
Endpoint: _170453_ (rising edge-triggered flip-flop clocked by clk)
Path Group: clk
Path Type: max

        Cap        Slew       Delay        Time   Description
---------------------------------------------------------------------------------------
                           0.000000    0.000000   clock clk (rise edge)
                           0.363399    0.363399   clock network delay (propagated)
               0.015980    0.000000    0.363399 ^ _175196_/CK (DFFR_X2)
  71.677971    0.081585    0.207993    0.571392 ^ _175196_/Q (DFFR_X2)
                                                  aes_state_q[2] (net)
               0.081677    0.003054    0.574446 ^ fanout11913/A (BUF_X16)
 141.235596    0.019703    0.042920    0.617366 ^ fanout11913/Z (BUF_X16)
                                                  net11913 (net)
               0.023127    0.009205    0.626571 ^ fanout11912/A (BUF_X16)
 156.233932    0.007972    0.024785    0.651355 ^ fanout11912/Z (BUF_X16)
                                                  net11912 (net)
               0.070508    0.056190    0.707545 ^ _138392_/A2 (OR2_X4)
  71.983742    0.040813    0.070434    0.777979 ^ _138392_/ZN (OR2_X4)
                                                  _062500_ (net)
               0.042102    0.008703    0.786682 ^ _138504_/A2 (NOR2_X2)
   9.205256    0.014703    0.021717    0.808399 v _138504_/ZN (NOR2_X2)
                                                  _062612_ (net)
               0.014704    0.000229    0.808628 v _140874_/A2 (NOR4_X2)
   3.776744    0.043958    0.068141    0.876769 ^ _140874_/ZN (NOR4_X2)
                                                  _064978_ (net)
               0.043958    0.000124    0.876893 ^ _140878_/B1 (OAI222_X2)
   6.537792    0.025121    0.048417    0.925310 v _140878_/ZN (OAI222_X2)
                                                  _064982_ (net)
               0.025121    0.000559    0.925869 v _140879_/A2 (OR2_X1)
   3.949007    0.011445    0.061228    0.987097 v _140879_/ZN (OR2_X1)
                                                  _064983_ (net)
               0.011445    0.000218    0.987315 v _140881_/C2 (AOI222_X2)
  17.874632    0.098327    0.151278    1.138593 ^ _140881_/ZN (AOI222_X2)
                                                  _064985_ (net)
               0.098331    0.002077    1.140669 ^ _140884_/A3 (NAND3_X1)
   5.657660    0.026604    0.044599    1.185269 v _140884_/ZN (NAND3_X1)
                                                  _064988_ (net)
               0.026605    0.000182    1.185451 v _140885_/A2 (AND2_X1)
   5.604237    0.009886    0.046522    1.231972 v _140885_/ZN (AND2_X1)
                                                  _064989_ (net)
               0.009886    0.000190    1.232162 v _143508_/A1 (OR3_X1)
   2.801666    0.014402    0.068473    1.300635 v _143508_/ZN (OR3_X1)
                                                  _067586_ (net)
               0.014402    0.000055    1.300690 v _143510_/A2 (AND3_X1)
   3.001509    0.007870    0.038487    1.339177 v _143510_/ZN (AND3_X1)
                                                  _067588_ (net)
               0.007870    0.000057    1.339234 v _143513_/A2 (OR3_X1)
   3.321317    0.015017    0.080505    1.419739 v _143513_/ZN (OR3_X1)
                                                  _067591_ (net)
               0.015017    0.000124    1.419863 v _143514_/A3 (AND3_X1)
   2.189807    0.007110    0.039199    1.459063 v _143514_/ZN (AND3_X1)
                                                  _067592_ (net)
               0.007110    0.000095    1.459158 v _143524_/B1 (OAI33_X1)
   8.834824    0.110160    0.121636    1.580794 ^ _143524_/ZN (OAI33_X1)
                                                  _067602_ (net)
               0.110161    0.000752    1.581547 ^ _143568_/C2 (OAI211_X4)
  59.267365    0.059216    0.092268    1.673815 v _143568_/ZN (OAI211_X4)
                                                  _067646_ (net)
               0.059839    0.013079    1.686893 v _148595_/A2 (AND3_X1)
   8.052814    0.013542    0.067345    1.754238 v _148595_/ZN (AND3_X1)
                                                  _071254_ (net)
               0.013542    0.000130    1.754368 v _150405_/A2 (OR3_X2)
   7.885311    0.015072    0.079510    1.833878 v _150405_/ZN (OR3_X2)
                                                  _072938_ (net)
               0.015072    0.000243    1.834121 v _150408_/A4 (AND4_X1)
   6.422097    0.011576    0.050702    1.884823 v _150408_/ZN (AND4_X1)
                                                  _072941_ (net)
               0.011577    0.000297    1.885121 v _150409_/A3 (NOR3_X4)
  46.995903    0.093254    0.124685    2.009806 ^ _150409_/ZN (NOR3_X4)
                                                  _072942_ (net)
               0.094495    0.014492    2.024298 ^ _150546_/B (XNOR2_X1)
   1.894203    0.021843    0.053344    2.077642 ^ _150546_/ZN (XNOR2_X1)
                                                  _073064_ (net)
               0.021843    0.000041    2.077682 ^ _150547_/A2 (NOR2_X1)
   2.805420    0.009998    0.014800    2.092483 v _150547_/ZN (NOR2_X1)
                                                  _073065_ (net)
               0.009998    0.000106    2.092589 v _150548_/B (XNOR2_X1)
   3.623188    0.013669    0.043068    2.135656 v _150548_/ZN (XNOR2_X1)
                                                  _073066_ (net)
               0.013669    0.000108    2.135765 v _150551_/B1 (AOI221_X2)
   2.520763    0.038473    0.067980    2.203745 ^ _150551_/ZN (AOI221_X2)
                                                  _073069_ (net)
               0.038473    0.000131    2.203876 ^ _150552_/A (AOI21_X1)
   1.480636    0.013799    0.018451    2.222327 v _150552_/ZN (AOI21_X1)
                                                  _005413_ (net)
               0.013799    0.000041    2.222368 v _170453_/D (DFFR_X2)
                                       2.222368   data arrival time

                           5.000000    5.000000   clock clk (rise edge)
                           0.354170    5.354170   clock network delay (propagated)
                          -0.100000    5.254170   clock uncertainty
                           0.000000    5.254170   clock reconvergence pessimism
                                       5.254170 ^ _170453_/CK (DFFR_X2)
                          -0.040119    5.214051   library setup time
                                       5.214051   data required time
---------------------------------------------------------------------------------------
                                       5.214051   data required time
                                      -2.222368   data arrival time
---------------------------------------------------------------------------------------
                                       2.991683   slack (MET)


Startpoint: _175196_ (rising edge-triggered flip-flop clocked by clk)
Endpoint: _170476_ (rising edge-triggered flip-flop clocked by clk)
Path Group: clk
Path Type: max

        Cap        Slew       Delay        Time   Description
---------------------------------------------------------------------------------------
                           0.000000    0.000000   clock clk (rise edge)
                           0.363399    0.363399   clock network delay (propagated)
               0.015980    0.000000    0.363399 ^ _175196_/CK (DFFR_X2)
  71.677971    0.081585    0.207993    0.571392 ^ _175196_/Q (DFFR_X2)
                                                  aes_state_q[2] (net)
               0.081677    0.003054    0.574446 ^ fanout11913/A (BUF_X16)
 141.235596    0.019703    0.042920    0.617366 ^ fanout11913/Z (BUF_X16)
                                                  net11913 (net)
               0.023127    0.009205    0.626571 ^ fanout11912/A (BUF_X16)
 156.233932    0.007972    0.024785    0.651355 ^ fanout11912/Z (BUF_X16)
                                                  net11912 (net)
               0.070508    0.056190    0.707545 ^ _138392_/A2 (OR2_X4)
  71.983742    0.040813    0.070434    0.777979 ^ _138392_/ZN (OR2_X4)
                                                  _062500_ (net)
               0.042102    0.008703    0.786682 ^ _138504_/A2 (NOR2_X2)
   9.205256    0.014703    0.021717    0.808399 v _138504_/ZN (NOR2_X2)
                                                  _062612_ (net)
               0.014704    0.000229    0.808628 v _140874_/A2 (NOR4_X2)
   3.776744    0.043958    0.068141    0.876769 ^ _140874_/ZN (NOR4_X2)
                                                  _064978_ (net)
               0.043958    0.000124    0.876893 ^ _140878_/B1 (OAI222_X2)
   6.537792    0.025121    0.048417    0.925310 v _140878_/ZN (OAI222_X2)
                                                  _064982_ (net)
               0.025121    0.000559    0.925869 v _140879_/A2 (OR2_X1)
   3.949007    0.011445    0.061228    0.987097 v _140879_/ZN (OR2_X1)
                                                  _064983_ (net)
               0.011445    0.000218    0.987315 v _140881_/C2 (AOI222_X2)
  17.874632    0.098327    0.151278    1.138593 ^ _140881_/ZN (AOI222_X2)
                                                  _064985_ (net)
               0.098331    0.002077    1.140669 ^ _140884_/A3 (NAND3_X1)
   5.657660    0.026604    0.044599    1.185269 v _140884_/ZN (NAND3_X1)
                                                  _064988_ (net)
               0.026605    0.000182    1.185451 v _140885_/A2 (AND2_X1)
   5.604237    0.009886    0.046522    1.231972 v _140885_/ZN (AND2_X1)
                                                  _064989_ (net)
               0.009886    0.000190    1.232162 v _143508_/A1 (OR3_X1)
   2.801666    0.014402    0.068473    1.300635 v _143508_/ZN (OR3_X1)
                                                  _067586_ (net)
               0.014402    0.000055    1.300690 v _143510_/A2 (AND3_X1)
   3.001509    0.007870    0.038487    1.339177 v _143510_/ZN (AND3_X1)
                                                  _067588_ (net)
               0.007870    0.000057    1.339234 v _143513_/A2 (OR3_X1)
   3.321317    0.015017    0.080505    1.419739 v _143513_/ZN (OR3_X1)
                                                  _067591_ (net)
               0.015017    0.000124    1.419863 v _143514_/A3 (AND3_X1)
   2.189807    0.007110    0.039199    1.459063 v _143514_/ZN (AND3_X1)
                                                  _067592_ (net)
               0.007110    0.000095    1.459158 v _143524_/B1 (OAI33_X1)
   8.834824    0.110160    0.121636    1.580794 ^ _143524_/ZN (OAI33_X1)
                                                  _067602_ (net)
               0.110161    0.000752    1.581547 ^ _143568_/C2 (OAI211_X4)
  59.267365    0.059216    0.092268    1.673815 v _143568_/ZN (OAI211_X4)
                                                  _067646_ (net)
               0.059833    0.013041    1.686856 v _148592_/A2 (NOR3_X2)
   8.923170    0.047979    0.086495    1.773351 ^ _148592_/ZN (NOR3_X2)
                                                  _071251_ (net)
               0.047980    0.000153    1.773504 ^ _148596_/A1 (NOR2_X2)
  10.498417    0.015658    0.020578    1.794081 v _148596_/ZN (NOR2_X2)
                                                  _071255_ (net)
               0.015666    0.001037    1.795118 v _148597_/B (XOR2_X2)
   4.729694    0.012216    0.060299    1.855417 v _148597_/Z (XOR2_X2)
                                                  _071256_ (net)
               0.012216    0.000121    1.855538 v _148598_/B (XNOR2_X2)
  12.735279    0.020339    0.047487    1.903025 v _148598_/ZN (XNOR2_X2)
                                                  _071257_ (net)
               0.020373    0.002401    1.905425 v _148600_/A3 (NOR3_X2)
   6.521081    0.037974    0.066513    1.971938 ^ _148600_/ZN (NOR3_X2)
                                                  _071259_ (net)
               0.037974    0.000191    1.972129 ^ _148601_/A (AOI21_X4)
  14.525633    0.015506    0.022862    1.994991 v _148601_/ZN (AOI21_X4)
                                                  _071260_ (net)
               0.015523    0.001676    1.996667 v _148967_/A3 (OR3_X2)
  14.961097    0.018742    0.092029    2.088695 v _148967_/ZN (OR3_X2)
                                                  _071602_ (net)
               0.018757    0.001651    2.090346 v _150230_/A3 (NOR3_X1)
   4.108011    0.043721    0.071634    2.161980 ^ _150230_/ZN (NOR3_X1)
                                                  _072769_ (net)
               0.043721    0.000179    2.162160 ^ _150243_/A (AOI221_X2)
   1.909230    0.019954    0.018882    2.181042 v _150243_/ZN (AOI221_X2)
                                                  _072782_ (net)
               0.019954    0.000070    2.181112 v _150244_/B1 (OAI21_X1)
   1.499514    0.018693    0.030191    2.211302 ^ _150244_/ZN (OAI21_X1)
                                                  _005392_ (net)
               0.018693    0.000049    2.211351 ^ _170476_/D (DFFR_X2)
                                       2.211351   data arrival time

                           5.000000    5.000000   clock clk (rise edge)
                           0.345647    5.345648   clock network delay (propagated)
                          -0.100000    5.245647   clock uncertainty
                           0.000000    5.245647   clock reconvergence pessimism
                                       5.245647 ^ _170476_/CK (DFFR_X2)
                          -0.033695    5.211953   library setup time
                                       5.211953   data required time
---------------------------------------------------------------------------------------
                                       5.211953   data required time
                                      -2.211351   data arrival time
---------------------------------------------------------------------------------------
                                       3.000602   slack (MET)


Startpoint: _175196_ (rising edge-triggered flip-flop clocked by clk)
Endpoint: _170389_ (rising edge-triggered flip-flop clocked by clk)
Path Group: clk
Path Type: max

        Cap        Slew       Delay        Time   Description
---------------------------------------------------------------------------------------
                           0.000000    0.000000   clock clk (rise edge)
                           0.363399    0.363399   clock network delay (propagated)
               0.015980    0.000000    0.363399 ^ _175196_/CK (DFFR_X2)
  71.677971    0.081585    0.207993    0.571392 ^ _175196_/Q (DFFR_X2)
                                                  aes_state_q[2] (net)
               0.081677    0.003054    0.574446 ^ fanout11913/A (BUF_X16)
 141.235596    0.019703    0.042920    0.617366 ^ fanout11913/Z (BUF_X16)
                                                  net11913 (net)
               0.023127    0.009205    0.626571 ^ fanout11912/A (BUF_X16)
 156.233932    0.007972    0.024785    0.651355 ^ fanout11912/Z (BUF_X16)
                                                  net11912 (net)
               0.070508    0.056190    0.707545 ^ _138392_/A2 (OR2_X4)
  71.983742    0.040813    0.070434    0.777979 ^ _138392_/ZN (OR2_X4)
                                                  _062500_ (net)
               0.042102    0.008703    0.786682 ^ _138504_/A2 (NOR2_X2)
   9.205256    0.014703    0.021717    0.808399 v _138504_/ZN (NOR2_X2)
                                                  _062612_ (net)
               0.014704    0.000229    0.808628 v _140874_/A2 (NOR4_X2)
   3.776744    0.043958    0.068141    0.876769 ^ _140874_/ZN (NOR4_X2)
                                                  _064978_ (net)
               0.043958    0.000124    0.876893 ^ _140878_/B1 (OAI222_X2)
   6.537792    0.025121    0.048417    0.925310 v _140878_/ZN (OAI222_X2)
                                                  _064982_ (net)
               0.025121    0.000559    0.925869 v _140879_/A2 (OR2_X1)
   3.949007    0.011445    0.061228    0.987097 v _140879_/ZN (OR2_X1)
                                                  _064983_ (net)
               0.011445    0.000218    0.987315 v _140881_/C2 (AOI222_X2)
  17.874632    0.098327    0.151278    1.138593 ^ _140881_/ZN (AOI222_X2)
                                                  _064985_ (net)
               0.098331    0.002077    1.140669 ^ _140884_/A3 (NAND3_X1)
   5.657660    0.026604    0.044599    1.185269 v _140884_/ZN (NAND3_X1)
                                                  _064988_ (net)
               0.026605    0.000182    1.185451 v _140885_/A2 (AND2_X1)
   5.604237    0.009886    0.046522    1.231972 v _140885_/ZN (AND2_X1)
                                                  _064989_ (net)
               0.009886    0.000190    1.232162 v _143508_/A1 (OR3_X1)
   2.801666    0.014402    0.068473    1.300635 v _143508_/ZN (OR3_X1)
                                                  _067586_ (net)
               0.014402    0.000055    1.300690 v _143510_/A2 (AND3_X1)
   3.001509    0.007870    0.038487    1.339177 v _143510_/ZN (AND3_X1)
                                                  _067588_ (net)
               0.007870    0.000057    1.339234 v _143513_/A2 (OR3_X1)
   3.321317    0.015017    0.080505    1.419739 v _143513_/ZN (OR3_X1)
                                                  _067591_ (net)
               0.015017    0.000124    1.419863 v _143514_/A3 (AND3_X1)
   2.189807    0.007110    0.039199    1.459063 v _143514_/ZN (AND3_X1)
                                                  _067592_ (net)
               0.007110    0.000095    1.459158 v _143524_/B1 (OAI33_X1)
   8.834824    0.110160    0.121636    1.580794 ^ _143524_/ZN (OAI33_X1)
                                                  _067602_ (net)
               0.110161    0.000752    1.581547 ^ _143568_/C2 (OAI211_X4)
  59.267365    0.059216    0.092268    1.673815 v _143568_/ZN (OAI211_X4)
                                                  _067646_ (net)
               0.059839    0.013079    1.686893 v _148595_/A2 (AND3_X1)
   8.052814    0.013542    0.067345    1.754238 v _148595_/ZN (AND3_X1)
                                                  _071254_ (net)
               0.013542    0.000130    1.754368 v _150405_/A2 (OR3_X2)
   7.885311    0.015072    0.079510    1.833878 v _150405_/ZN (OR3_X2)
                                                  _072938_ (net)
               0.015072    0.000243    1.834121 v _150408_/A4 (AND4_X1)
   6.422097    0.011576    0.050702    1.884823 v _150408_/ZN (AND4_X1)
                                                  _072941_ (net)
               0.011577    0.000297    1.885121 v _150409_/A3 (NOR3_X4)
  46.995903    0.093254    0.124685    2.009806 ^ _150409_/ZN (NOR3_X4)
                                                  _072942_ (net)
               0.094600    0.015128    2.024934 ^ _151209_/A2 (NAND3_X1)
   1.840593    0.027006    0.033716    2.058650 v _151209_/ZN (NAND3_X1)
                                                  _073663_ (net)
               0.027006    0.000047    2.058697 v _151213_/A2 (NAND2_X1)
   3.664309    0.016032    0.030270    2.088967 ^ _151213_/ZN (NAND2_X1)
                                                  _073667_ (net)
               0.016032    0.000071    2.089037 ^ _151214_/B1 (OAI221_X2)
   3.591929    0.017556    0.030765    2.119803 v _151214_/ZN (OAI221_X2)
                                                  _073668_ (net)
               0.017556    0.000128    2.119931 v _151215_/B1 (AOI221_X2)
   1.974635    0.036520    0.067256    2.187187 ^ _151215_/ZN (AOI221_X2)
                                                  _073669_ (net)
               0.036520    0.000063    2.187249 ^ _151216_/B1 (AOI21_X1)
   1.289048    0.012362    0.017814    2.205064 v _151216_/ZN (AOI21_X1)
                                                  _005477_ (net)
               0.012362    0.000027    2.205090 v _170389_/D (DFFR_X2)
                                       2.205090   data arrival time

                           5.000000    5.000000   clock clk (rise edge)
                           0.355445    5.355445   clock network delay (propagated)
                          -0.100000    5.255445   clock uncertainty
                           0.000000    5.255445   clock reconvergence pessimism
                                       5.255445 ^ _170389_/CK (DFFR_X2)
                          -0.039304    5.216141   library setup time
                                       5.216141   data required time
---------------------------------------------------------------------------------------
                                       5.216141   data required time
                                      -2.205090   data arrival time
---------------------------------------------------------------------------------------
                                       3.011051   slack (MET)


Startpoint: _175196_ (rising edge-triggered flip-flop clocked by clk)
Endpoint: _170342_ (rising edge-triggered flip-flop clocked by clk)
Path Group: clk
Path Type: max

        Cap        Slew       Delay        Time   Description
---------------------------------------------------------------------------------------
                           0.000000    0.000000   clock clk (rise edge)
                           0.363399    0.363399   clock network delay (propagated)
               0.015980    0.000000    0.363399 ^ _175196_/CK (DFFR_X2)
  71.677971    0.081585    0.207993    0.571392 ^ _175196_/Q (DFFR_X2)
                                                  aes_state_q[2] (net)
               0.081677    0.003054    0.574446 ^ fanout11913/A (BUF_X16)
 141.235596    0.019703    0.042920    0.617366 ^ fanout11913/Z (BUF_X16)
                                                  net11913 (net)
               0.023127    0.009205    0.626571 ^ fanout11912/A (BUF_X16)
 156.233932    0.007972    0.024785    0.651355 ^ fanout11912/Z (BUF_X16)
                                                  net11912 (net)
               0.070508    0.056190    0.707545 ^ _138392_/A2 (OR2_X4)
  71.983742    0.040813    0.070434    0.777979 ^ _138392_/ZN (OR2_X4)
                                                  _062500_ (net)
               0.042102    0.008703    0.786682 ^ _138504_/A2 (NOR2_X2)
   9.205256    0.014703    0.021717    0.808399 v _138504_/ZN (NOR2_X2)
                                                  _062612_ (net)
               0.014704    0.000229    0.808628 v _140874_/A2 (NOR4_X2)
   3.776744    0.043958    0.068141    0.876769 ^ _140874_/ZN (NOR4_X2)
                                                  _064978_ (net)
               0.043958    0.000124    0.876893 ^ _140878_/B1 (OAI222_X2)
   6.537792    0.025121    0.048417    0.925310 v _140878_/ZN (OAI222_X2)
                                                  _064982_ (net)
               0.025121    0.000559    0.925869 v _140879_/A2 (OR2_X1)
   3.949007    0.011445    0.061228    0.987097 v _140879_/ZN (OR2_X1)
                                                  _064983_ (net)
               0.011445    0.000218    0.987315 v _140881_/C2 (AOI222_X2)
  17.874632    0.098327    0.151278    1.138593 ^ _140881_/ZN (AOI222_X2)
                                                  _064985_ (net)
               0.098332    0.002310    1.140903 ^ _142193_/B (XNOR2_X1)
   2.997709    0.025313    0.056597    1.197500 ^ _142193_/ZN (XNOR2_X1)
                                                  _066288_ (net)
               0.025313    0.000112    1.197612 ^ _142194_/B (XNOR2_X1)
   5.199769    0.034351    0.051248    1.248859 ^ _142194_/ZN (XNOR2_X1)
                                                  _066289_ (net)
               0.034351    0.000166    1.249025 ^ _142195_/B (XOR2_X1)
   3.066519    0.027612    0.057867    1.306892 ^ _142195_/Z (XOR2_X1)
                                                  _066290_ (net)
               0.027612    0.000122    1.307014 ^ _142196_/B (XNOR2_X1)
   4.232812    0.029774    0.049406    1.356420 ^ _142196_/ZN (XNOR2_X1)
                                                  _066291_ (net)
               0.029774    0.000091    1.356511 ^ _142200_/A (XNOR2_X2)
   5.457526    0.013030    0.021603    1.378114 v _142200_/ZN (XNOR2_X2)
                                                  _066295_ (net)
               0.013031    0.000409    1.378523 v _142206_/C2 (AOI211_X2)
  17.909101    0.086235    0.103069    1.481593 ^ _142206_/ZN (AOI211_X2)
                                                  _066301_ (net)
               0.086243    0.002623    1.484216 ^ _142207_/B (XNOR2_X1)
   3.336634    0.026538    0.034694    1.518909 v _142207_/ZN (XNOR2_X1)
                                                  _066302_ (net)
               0.026538    0.000129    1.519039 v _142251_/C2 (AOI221_X2)
  17.947126    0.091512    0.117325    1.636363 ^ _142251_/ZN (AOI221_X2)
                                                  _066346_ (net)
               0.091512    0.000547    1.636910 ^ wire10039/A (BUF_X4)
  45.292309    0.027440    0.052317    1.689227 ^ wire10039/Z (BUF_X4)
                                                  net10039 (net)
               0.027825    0.004771    1.693998 ^ _150365_/B2 (OAI21_X2)
   7.122277    0.014884    0.026187    1.720185 v _150365_/ZN (OAI21_X2)
                                                  _072899_ (net)
               0.014884    0.000092    1.720277 v _150369_/A2 (AND4_X1)
   8.862058    0.013815    0.050348    1.770625 v _150369_/ZN (AND4_X1)
                                                  _072903_ (net)
               0.013815    0.000250    1.770875 v _150373_/A2 (OR4_X2)
   5.877980    0.017893    0.100514    1.871390 v _150373_/ZN (OR4_X2)
                                                  _072907_ (net)
               0.017894    0.000182    1.871571 v _150375_/B1 (AOI21_X4)
  55.877361    0.073614    0.084094    1.955666 ^ _150375_/ZN (AOI21_X4)
                                                  _072909_ (net)
               0.074140    0.009552    1.965217 ^ _152166_/A2 (NAND2_X1)
   2.802161    0.018566    0.025086    1.990303 v _152166_/ZN (NAND2_X1)
                                                  _074573_ (net)
               0.018566    0.000100    1.990403 v _152178_/B (XOR2_X1)
   2.845559    0.015579    0.061176    2.051579 v _152178_/Z (XOR2_X1)
                                                  _074585_ (net)
               0.015579    0.000113    2.051692 v _152179_/B (XNOR2_X1)
   1.872904    0.021901    0.041946    2.093638 v _152179_/ZN (XNOR2_X1)
                                                  _074586_ (net)
               0.021901    0.000070    2.093708 v _152181_/C2 (AOI221_X1)
   1.364917    0.039018    0.055904    2.149611 ^ _152181_/ZN (AOI221_X1)
                                                  _074588_ (net)
               0.039018    0.000037    2.149649 ^ _152182_/A2 (OR2_X1)
   3.833030    0.011924    0.038669    2.188318 ^ _152182_/ZN (OR2_X1)
                                                  _074589_ (net)
               0.011925    0.000360    2.188677 ^ _152186_/B1 (AOI22_X1)
   1.345715    0.014827    0.019229    2.207906 v _152186_/ZN (AOI22_X1)
                                                  _005524_ (net)
               0.014827    0.000030    2.207937 v _170342_/D (DFFR_X2)
                                       2.207937   data arrival time

                           5.000000    5.000000   clock clk (rise edge)
                           0.361210    5.361210   clock network delay (propagated)
                          -0.100000    5.261210   clock uncertainty
                           0.000000    5.261210   clock reconvergence pessimism
                                       5.261210 ^ _170342_/CK (DFFR_X2)
                          -0.040425    5.220785   library setup time
                                       5.220785   data required time
---------------------------------------------------------------------------------------
                                       5.220785   data required time
                                      -2.207937   data arrival time
---------------------------------------------------------------------------------------
                                       3.012848   slack (MET)


Startpoint: _175196_ (rising edge-triggered flip-flop clocked by clk)
Endpoint: _170405_ (rising edge-triggered flip-flop clocked by clk)
Path Group: clk
Path Type: max

        Cap        Slew       Delay        Time   Description
---------------------------------------------------------------------------------------
                           0.000000    0.000000   clock clk (rise edge)
                           0.363399    0.363399   clock network delay (propagated)
               0.015980    0.000000    0.363399 ^ _175196_/CK (DFFR_X2)
  71.677971    0.081585    0.207993    0.571392 ^ _175196_/Q (DFFR_X2)
                                                  aes_state_q[2] (net)
               0.081677    0.003054    0.574446 ^ fanout11913/A (BUF_X16)
 141.235596    0.019703    0.042920    0.617366 ^ fanout11913/Z (BUF_X16)
                                                  net11913 (net)
               0.023127    0.009205    0.626571 ^ fanout11912/A (BUF_X16)
 156.233932    0.007972    0.024785    0.651355 ^ fanout11912/Z (BUF_X16)
                                                  net11912 (net)
               0.070508    0.056190    0.707545 ^ _138392_/A2 (OR2_X4)
  71.983742    0.040813    0.070434    0.777979 ^ _138392_/ZN (OR2_X4)
                                                  _062500_ (net)
               0.042102    0.008703    0.786682 ^ _138504_/A2 (NOR2_X2)
   9.205256    0.014703    0.021717    0.808399 v _138504_/ZN (NOR2_X2)
                                                  _062612_ (net)
               0.014704    0.000229    0.808628 v _140874_/A2 (NOR4_X2)
   3.776744    0.043958    0.068141    0.876769 ^ _140874_/ZN (NOR4_X2)
                                                  _064978_ (net)
               0.043958    0.000124    0.876893 ^ _140878_/B1 (OAI222_X2)
   6.537792    0.025121    0.048417    0.925310 v _140878_/ZN (OAI222_X2)
                                                  _064982_ (net)
               0.025121    0.000559    0.925869 v _140879_/A2 (OR2_X1)
   3.949007    0.011445    0.061228    0.987097 v _140879_/ZN (OR2_X1)
                                                  _064983_ (net)
               0.011445    0.000218    0.987315 v _140881_/C2 (AOI222_X2)
  17.874632    0.098327    0.151278    1.138593 ^ _140881_/ZN (AOI222_X2)
                                                  _064985_ (net)
               0.098331    0.002077    1.140669 ^ _140884_/A3 (NAND3_X1)
   5.657660    0.026604    0.044599    1.185269 v _140884_/ZN (NAND3_X1)
                                                  _064988_ (net)
               0.026605    0.000182    1.185451 v _140885_/A2 (AND2_X1)
   5.604237    0.009886    0.046522    1.231972 v _140885_/ZN (AND2_X1)
                                                  _064989_ (net)
               0.009886    0.000190    1.232162 v _143508_/A1 (OR3_X1)
   2.801666    0.014402    0.068473    1.300635 v _143508_/ZN (OR3_X1)
                                                  _067586_ (net)
               0.014402    0.000055    1.300690 v _143510_/A2 (AND3_X1)
   3.001509    0.007870    0.038487    1.339177 v _143510_/ZN (AND3_X1)
                                                  _067588_ (net)
               0.007870    0.000057    1.339234 v _143513_/A2 (OR3_X1)
   3.321317    0.015017    0.080505    1.419739 v _143513_/ZN (OR3_X1)
                                                  _067591_ (net)
               0.015017    0.000124    1.419863 v _143514_/A3 (AND3_X1)
   2.189807    0.007110    0.039199    1.459063 v _143514_/ZN (AND3_X1)
                                                  _067592_ (net)
               0.007110    0.000095    1.459158 v _143524_/B1 (OAI33_X1)
   8.834824    0.110160    0.121636    1.580794 ^ _143524_/ZN (OAI33_X1)
                                                  _067602_ (net)
               0.110161    0.000752    1.581547 ^ _143568_/C2 (OAI211_X4)
  59.267365    0.059216    0.092268    1.673815 v _143568_/ZN (OAI211_X4)
                                                  _067646_ (net)
               0.059839    0.013079    1.686893 v _148595_/A2 (AND3_X1)
   8.052814    0.013542    0.067345    1.754238 v _148595_/ZN (AND3_X1)
                                                  _071254_ (net)
               0.013542    0.000130    1.754368 v _150405_/A2 (OR3_X2)
   7.885311    0.015072    0.079510    1.833878 v _150405_/ZN (OR3_X2)
                                                  _072938_ (net)
               0.015072    0.000243    1.834121 v _150408_/A4 (AND4_X1)
   6.422097    0.011576    0.050702    1.884823 v _150408_/ZN (AND4_X1)
                                                  _072941_ (net)
               0.011577    0.000297    1.885121 v _150409_/A3 (NOR3_X4)
  46.995903    0.093254    0.124685    2.009806 ^ _150409_/ZN (NOR3_X4)
                                                  _072942_ (net)
               0.094580    0.015008    2.024814 ^ _151039_/B1 (AOI22_X1)
   1.645063    0.029266    0.034413    2.059227 v _151039_/ZN (AOI22_X1)
                                                  _073509_ (net)
               0.029266    0.000027    2.059254 v _151040_/A (OAI21_X1)
   3.720943    0.028531    0.035174    2.094428 ^ _151040_/ZN (OAI21_X1)
                                                  _073510_ (net)
               0.028531    0.000216    2.094643 ^ _151041_/B (XNOR2_X1)
   1.903353    0.020502    0.043759    2.138402 ^ _151041_/ZN (XNOR2_X1)
                                                  _073511_ (net)
               0.020502    0.000042    2.138444 ^ _151046_/B1 (AOI21_X1)
   2.142259    0.013887    0.018110    2.156554 v _151046_/ZN (AOI21_X1)
                                                  _073516_ (net)
               0.013887    0.000092    2.156645 v _151047_/A (AOI21_X1)
   1.286902    0.020518    0.039208    2.195853 ^ _151047_/ZN (AOI21_X1)
                                                  _005461_ (net)
               0.020518    0.000022    2.195875 ^ _170405_/D (DFFR_X2)
                                       2.195875   data arrival time

                           5.000000    5.000000   clock clk (rise edge)
                           0.354558    5.354558   clock network delay (propagated)
                          -0.100000    5.254558   clock uncertainty
                           0.000000    5.254558   clock reconvergence pessimism
                                       5.254558 ^ _170405_/CK (DFFR_X2)
                          -0.034280    5.220279   library setup time
                                       5.220279   data required time
---------------------------------------------------------------------------------------
                                       5.220279   data required time
                                      -2.195875   data arrival time
---------------------------------------------------------------------------------------
                                       3.024404   slack (MET)


Startpoint: _175292_ (rising edge-triggered flip-flop clocked by clk)
Endpoint: _170368_ (rising edge-triggered flip-flop clocked by clk)
Path Group: clk
Path Type: max

        Cap        Slew       Delay        Time   Description
---------------------------------------------------------------------------------------
                           0.000000    0.000000   clock clk (rise edge)
                           0.353233    0.353233   clock network delay (propagated)
               0.011496    0.000000    0.353233 ^ _175292_/CK (DFFR_X2)
  48.199711    0.054509    0.176894    0.530127 ^ _175292_/Q (DFFR_X2)
                                                  aes_state_q[98] (net)
               0.055252    0.008375    0.538502 ^ fanout11705/A (BUF_X8)
  71.509155    0.016498    0.036561    0.575063 ^ fanout11705/Z (BUF_X8)
                                                  net11705 (net)
               0.029919    0.018639    0.593702 ^ fanout11704/A (BUF_X16)
 147.551651    0.010679    0.028934    0.622635 ^ fanout11704/Z (BUF_X16)
                                                  net11704 (net)
               0.053727    0.041791    0.664427 ^ fanout11703/A (BUF_X16)
 153.500122    0.019716    0.041461    0.705888 ^ fanout11703/Z (BUF_X16)
                                                  net11703 (net)
               0.023723    0.010181    0.716069 ^ _120292_/A (XOR2_X2)
  29.239483    0.079658    0.115140    0.831208 ^ _120292_/Z (XOR2_X2)
                                                  _044495_ (net)
               0.079662    0.001506    0.832715 ^ _123147_/B1 (OAI22_X4)
   6.231343    0.016628    0.029949    0.862664 v _123147_/ZN (OAI22_X4)
                                                  _047348_ (net)
               0.016628    0.000096    0.862759 v _123151_/C1 (AOI211_X1)
   1.990481    0.038902    0.042340    0.905099 ^ _123151_/ZN (AOI211_X1)
                                                  _047352_ (net)
               0.038902    0.000051    0.905150 ^ _123159_/C1 (AOI211_X1)
   2.317413    0.015444    0.023400    0.928550 v _123159_/ZN (AOI211_X1)
                                                  _047360_ (net)
               0.015444    0.000112    0.928662 v _123161_/B1 (OAI33_X1)
   8.863386    0.110372    0.124412    1.053074 ^ _123161_/ZN (OAI33_X1)
                                                  _047362_ (net)
               0.110372    0.000723    1.053797 ^ _123182_/C2 (AOI211_X2)
  24.407600    0.036547    0.059048    1.112845 v _123182_/ZN (AOI211_X2)
                                                  _047383_ (net)
               0.036729    0.004065    1.116910 v _123184_/A3 (OR3_X1)
   5.301845    0.017121    0.099323    1.216233 v _123184_/ZN (OR3_X1)
                                                  _047385_ (net)
               0.017122    0.000142    1.216375 v _123186_/A3 (AND3_X1)
   5.083462    0.009788    0.045537    1.261911 v _123186_/ZN (AND3_X1)
                                                  _047387_ (net)
               0.009788    0.000168    1.262079 v _125692_/A1 (OR4_X1)
   4.603135    0.020788    0.092718    1.354797 v _125692_/ZN (OR4_X1)
                                                  _049877_ (net)
               0.020788    0.000072    1.354869 v _125694_/A3 (AND3_X1)
   4.611729    0.009428    0.046695    1.401564 v _125694_/ZN (AND3_X1)
                                                  _049879_ (net)
               0.009428    0.000060    1.401624 v _125699_/A2 (OR3_X2)
   7.095909    0.014624    0.076955    1.478578 v _125699_/ZN (OR3_X2)
                                                  _049884_ (net)
               0.014625    0.000511    1.479089 v _125700_/A3 (AND3_X1)
   3.136153    0.008000    0.040848    1.519937 v _125700_/ZN (AND3_X1)
                                                  _049885_ (net)
               0.008000    0.000214    1.520151 v _125713_/B1 (OAI33_X1)
  10.863967    0.125020    0.137910    1.658060 ^ _125713_/ZN (OAI33_X1)
                                                  _049898_ (net)
               0.125020    0.000726    1.658786 ^ _125779_/B1 (OAI21_X4)
  60.808758    0.051534    0.065449    1.724235 v _125779_/ZN (OAI21_X4)
                                                  _049964_ (net)
               0.057761    0.026137    1.750372 v _148767_/A1 (AND2_X2)
  20.578632    0.014648    0.059929    1.810301 v _148767_/ZN (AND2_X2)
                                                  _071413_ (net)
               0.014671    0.001323    1.811624 v _149709_/A (MUX2_X1)
   2.929970    0.011314    0.063471    1.875095 v _149709_/Z (MUX2_X1)
                                                  _072275_ (net)
               0.011314    0.000036    1.875131 v _149714_/B (MUX2_X1)
   2.991130    0.011365    0.062499    1.937629 v _149714_/Z (MUX2_X1)
                                                  _072280_ (net)
               0.011365    0.000073    1.937702 v _149715_/C1 (OAI221_X2)
   3.311567    0.036588    0.031716    1.969418 ^ _149715_/ZN (OAI221_X2)
                                                  _072281_ (net)
               0.036588    0.000063    1.969481 ^ _149720_/B1 (AOI21_X2)
   5.292255    0.014323    0.022472    1.991953 v _149720_/ZN (AOI21_X2)
                                                  _072286_ (net)
               0.014324    0.000385    1.992338 v _149723_/A (XNOR2_X2)
  13.554274    0.019250    0.048799    2.041137 v _149723_/ZN (XNOR2_X2)
                                                  _072289_ (net)
               0.019259    0.001241    2.042378 v _151589_/B1 (AOI22_X1)
   2.085227    0.026451    0.047099    2.089477 ^ _151589_/ZN (AOI22_X1)
                                                  _074022_ (net)
               0.026451    0.000077    2.089554 ^ _151590_/A2 (NOR2_X1)
   3.408815    0.010329    0.016711    2.106265 v _151590_/ZN (NOR2_X1)
                                                  _074023_ (net)
               0.010329    0.000118    2.106383 v _151591_/B (AOI211_X2)
   2.818397    0.034895    0.061360    2.167743 ^ _151591_/ZN (AOI211_X2)
                                                  _074024_ (net)
               0.034895    0.000172    2.167916 ^ _151592_/B2 (AOI21_X1)
   1.560687    0.009925    0.019190    2.187106 v _151592_/ZN (AOI21_X1)
                                                  _005498_ (net)
               0.009925    0.000059    2.187165 v _170368_/D (DFFR_X2)
                                       2.187165   data arrival time

                           5.000000    5.000000   clock clk (rise edge)
                           0.353470    5.353470   clock network delay (propagated)
                          -0.100000    5.253470   clock uncertainty
                           0.000000    5.253470   clock reconvergence pessimism
                                       5.253470 ^ _170368_/CK (DFFR_X2)
                          -0.038616    5.214854   library setup time
                                       5.214854   data required time
---------------------------------------------------------------------------------------
                                       5.214854   data required time
                                      -2.187165   data arrival time
---------------------------------------------------------------------------------------
                                       3.027689   slack (MET)


Startpoint: _175196_ (rising edge-triggered flip-flop clocked by clk)
Endpoint: _170341_ (rising edge-triggered flip-flop clocked by clk)
Path Group: clk
Path Type: max

        Cap        Slew       Delay        Time   Description
---------------------------------------------------------------------------------------
                           0.000000    0.000000   clock clk (rise edge)
                           0.363399    0.363399   clock network delay (propagated)
               0.015980    0.000000    0.363399 ^ _175196_/CK (DFFR_X2)
  71.677971    0.081585    0.207993    0.571392 ^ _175196_/Q (DFFR_X2)
                                                  aes_state_q[2] (net)
               0.081677    0.003054    0.574446 ^ fanout11913/A (BUF_X16)
 141.235596    0.019703    0.042920    0.617366 ^ fanout11913/Z (BUF_X16)
                                                  net11913 (net)
               0.023127    0.009205    0.626571 ^ fanout11912/A (BUF_X16)
 156.233932    0.007972    0.024785    0.651355 ^ fanout11912/Z (BUF_X16)
                                                  net11912 (net)
               0.070508    0.056190    0.707545 ^ _138392_/A2 (OR2_X4)
  71.983742    0.040813    0.070434    0.777979 ^ _138392_/ZN (OR2_X4)
                                                  _062500_ (net)
               0.042102    0.008703    0.786682 ^ _138504_/A2 (NOR2_X2)
   9.205256    0.014703    0.021717    0.808399 v _138504_/ZN (NOR2_X2)
                                                  _062612_ (net)
               0.014704    0.000229    0.808628 v _140874_/A2 (NOR4_X2)
   3.776744    0.043958    0.068141    0.876769 ^ _140874_/ZN (NOR4_X2)
                                                  _064978_ (net)
               0.043958    0.000124    0.876893 ^ _140878_/B1 (OAI222_X2)
   6.537792    0.025121    0.048417    0.925310 v _140878_/ZN (OAI222_X2)
                                                  _064982_ (net)
               0.025121    0.000559    0.925869 v _140879_/A2 (OR2_X1)
   3.949007    0.011445    0.061228    0.987097 v _140879_/ZN (OR2_X1)
                                                  _064983_ (net)
               0.011445    0.000218    0.987315 v _140881_/C2 (AOI222_X2)
  17.874632    0.098327    0.151278    1.138593 ^ _140881_/ZN (AOI222_X2)
                                                  _064985_ (net)
               0.098331    0.002077    1.140669 ^ _140884_/A3 (NAND3_X1)
   5.657660    0.026604    0.044599    1.185269 v _140884_/ZN (NAND3_X1)
                                                  _064988_ (net)
               0.026605    0.000182    1.185451 v _140885_/A2 (AND2_X1)
   5.604237    0.009886    0.046522    1.231972 v _140885_/ZN (AND2_X1)
                                                  _064989_ (net)
               0.009886    0.000190    1.232162 v _143508_/A1 (OR3_X1)
   2.801666    0.014402    0.068473    1.300635 v _143508_/ZN (OR3_X1)
                                                  _067586_ (net)
               0.014402    0.000055    1.300690 v _143510_/A2 (AND3_X1)
   3.001509    0.007870    0.038487    1.339177 v _143510_/ZN (AND3_X1)
                                                  _067588_ (net)
               0.007870    0.000057    1.339234 v _143513_/A2 (OR3_X1)
   3.321317    0.015017    0.080505    1.419739 v _143513_/ZN (OR3_X1)
                                                  _067591_ (net)
               0.015017    0.000124    1.419863 v _143514_/A3 (AND3_X1)
   2.189807    0.007110    0.039199    1.459063 v _143514_/ZN (AND3_X1)
                                                  _067592_ (net)
               0.007110    0.000095    1.459158 v _143524_/B1 (OAI33_X1)
   8.834824    0.110160    0.121636    1.580794 ^ _143524_/ZN (OAI33_X1)
                                                  _067602_ (net)
               0.110161    0.000752    1.581547 ^ _143568_/C2 (OAI211_X4)
  59.267365    0.059216    0.092268    1.673815 v _143568_/ZN (OAI211_X4)
                                                  _067646_ (net)
               0.059839    0.013079    1.686893 v _148595_/A2 (AND3_X1)
   8.052814    0.013542    0.067345    1.754238 v _148595_/ZN (AND3_X1)
                                                  _071254_ (net)
               0.013542    0.000130    1.754368 v _150405_/A2 (OR3_X2)
   7.885311    0.015072    0.079510    1.833878 v _150405_/ZN (OR3_X2)
                                                  _072938_ (net)
               0.015072    0.000243    1.834121 v _150408_/A4 (AND4_X1)
   6.422097    0.011576    0.050702    1.884823 v _150408_/ZN (AND4_X1)
                                                  _072941_ (net)
               0.011577    0.000297    1.885121 v _150409_/A3 (NOR3_X4)
  46.995903    0.093254    0.124685    2.009806 ^ _150409_/ZN (NOR3_X4)
                                                  _072942_ (net)
               0.093543    0.007166    2.016972 ^ _152187_/A2 (NAND2_X1)
   2.712197    0.018556    0.025365    2.042336 v _152187_/ZN (NAND2_X1)
                                                  _074593_ (net)
               0.018556    0.000118    2.042455 v _152212_/A (XNOR2_X1)
   2.301000    0.021345    0.033940    2.076394 ^ _152212_/ZN (XNOR2_X1)
                                                  _074618_ (net)
               0.021345    0.000103    2.076498 ^ _152213_/B1 (AOI22_X1)
   1.293801    0.013582    0.022386    2.098884 v _152213_/ZN (AOI22_X1)
                                                  _074619_ (net)
               0.013582    0.000034    2.098917 v _152214_/A2 (OR2_X1)
   3.025834    0.010998    0.054571    2.153488 v _152214_/ZN (OR2_X1)
                                                  _074620_ (net)
               0.010999    0.000218    2.153707 v _152220_/B1 (AOI22_X1)
   1.504125    0.023503    0.040526    2.194233 ^ _152220_/ZN (AOI22_X1)
                                                  _005525_ (net)
               0.023503    0.000039    2.194272 ^ _170341_/D (DFFR_X2)
                                       2.194272   data arrival time

                           5.000000    5.000000   clock clk (rise edge)
                           0.360663    5.360663   clock network delay (propagated)
                          -0.100000    5.260663   clock uncertainty
                           0.000000    5.260663   clock reconvergence pessimism
                                       5.260663 ^ _170341_/CK (DFFR_X2)
                          -0.035019    5.225644   library setup time
                                       5.225644   data required time
---------------------------------------------------------------------------------------
                                       5.225644   data required time
                                      -2.194272   data arrival time
---------------------------------------------------------------------------------------
                                       3.031372   slack (MET)


Startpoint: _175309_ (rising edge-triggered flip-flop clocked by clk)
Endpoint: _170351_ (rising edge-triggered flip-flop clocked by clk)
Path Group: clk
Path Type: max

        Cap        Slew       Delay        Time   Description
---------------------------------------------------------------------------------------
                           0.000000    0.000000   clock clk (rise edge)
                           0.367811    0.367811   clock network delay (propagated)
               0.010454    0.000000    0.367811 ^ _175309_/CK (DFFR_X2)
 115.444733    0.126701    0.249829    0.617640 ^ _175309_/Q (DFFR_X2)
                                                  aes_state_q[115] (net)
               0.128797    0.018936    0.636576 ^ fanout11669/A (BUF_X16)
 129.919006    0.018909    0.041458    0.678034 ^ fanout11669/Z (BUF_X16)
                                                  net11669 (net)
               0.025816    0.014140    0.692174 ^ fanout11668/A (BUF_X16)
 117.771637    0.014331    0.032143    0.724317 ^ fanout11668/Z (BUF_X16)
                                                  net11668 (net)
               0.019899    0.009591    0.733908 ^ _133517_/A2 (NOR2_X4)
  26.000471    0.017815    0.019866    0.753774 v _133517_/ZN (NOR2_X4)
                                                  _057657_ (net)
               0.017821    0.000966    0.754740 v _133529_/A2 (NAND2_X4)
  17.624937    0.015323    0.027742    0.782482 ^ _133529_/ZN (NAND2_X4)
                                                  _057669_ (net)
               0.015326    0.000629    0.783112 ^ _134784_/A (OAI211_X1)
   3.280073    0.021612    0.033232    0.816343 v _134784_/ZN (OAI211_X1)
                                                  _058922_ (net)
               0.021612    0.000111    0.816455 v _134785_/C1 (AOI222_X2)
   3.906782    0.050054    0.093107    0.909561 ^ _134785_/ZN (AOI222_X2)
                                                  _058923_ (net)
               0.050054    0.000120    0.909681 ^ _134786_/B2 (AOI21_X2)
   5.874268    0.013766    0.025000    0.934681 v _134786_/ZN (AOI21_X2)
                                                  _058924_ (net)
               0.013767    0.000257    0.934938 v _134803_/A2 (NOR4_X4)
  31.807419    0.099638    0.132715    1.067653 ^ _134803_/ZN (NOR4_X4)
                                                  _058941_ (net)
               0.099670    0.005350    1.073003 ^ _134805_/B (XNOR2_X2)
  18.266117    0.038229    0.057046    1.130049 v _134805_/ZN (XNOR2_X2)
                                                  _058943_ (net)
               0.038230    0.000542    1.130591 v _135601_/A (XOR2_X2)
   4.742959    0.017521    0.066237    1.196828 v _135601_/Z (XOR2_X2)
                                                  _059737_ (net)
               0.017521    0.000159    1.196987 v _135602_/B (XNOR2_X2)
   7.368420    0.019954    0.045235    1.242222 v _135602_/ZN (XNOR2_X2)
                                                  _059738_ (net)
               0.019955    0.000461    1.242683 v _135605_/A (XNOR2_X1)
   4.085541    0.015744    0.047849    1.290531 v _135605_/ZN (XNOR2_X1)
                                                  _059741_ (net)
               0.015745    0.000283    1.290815 v _135606_/A2 (OR2_X1)
   3.412623    0.010855    0.056399    1.347214 v _135606_/ZN (OR2_X1)
                                                  _059742_ (net)
               0.010855    0.000129    1.347343 v _135737_/B2 (AOI221_X2)
  23.964506    0.111672    0.157765    1.505108 ^ _135737_/ZN (AOI221_X2)
                                                  _059873_ (net)
               0.111696    0.004921    1.510029 ^ _135738_/B (XNOR2_X1)
   3.657366    0.031466    0.037191    1.547221 v _135738_/ZN (XNOR2_X1)
                                                  _059874_ (net)
               0.031466    0.000141    1.547362 v _135789_/B1 (AOI221_X2)
  23.636305    0.110659    0.156639    1.704000 ^ _135789_/ZN (AOI221_X2)
                                                  _059925_ (net)
               0.110668    0.002965    1.706965 ^ wire9972/A (BUF_X4)
  35.907978    0.022128    0.046032    1.752997 ^ wire9972/Z (BUF_X4)
                                                  net9972 (net)
               0.023829    0.008710    1.761707 ^ max_cap9971/A (BUF_X4)
  28.454510    0.017655    0.035766    1.797473 ^ max_cap9971/Z (BUF_X4)
                                                  net9971 (net)
               0.018382    0.004682    1.802156 ^ _149326_/A1 (OR2_X2)
  16.986076    0.021715    0.042042    1.844198 ^ _149326_/ZN (OR2_X2)
                                                  _071923_ (net)
               0.021719    0.000784    1.844982 ^ _151947_/B2 (AOI21_X1)
   3.552843    0.019144    0.022033    1.867015 v _151947_/ZN (AOI21_X1)
                                                  _074363_ (net)
               0.019144    0.000146    1.867161 v _151950_/B (AOI211_X2)
   3.681465    0.037921    0.068149    1.935310 ^ _151950_/ZN (AOI211_X2)
                                                  _074366_ (net)
               0.037921    0.000084    1.935393 ^ _151956_/B (AOI211_X2)
   4.689666    0.016392    0.021296    1.956690 v _151956_/ZN (AOI211_X2)
                                                  _074372_ (net)
               0.016392    0.000145    1.956835 v _151957_/B (XNOR2_X2)
   6.332902    0.017927    0.043592    2.000428 v _151957_/ZN (XNOR2_X2)
                                                  _074373_ (net)
               0.017928    0.000407    2.000835 v _151958_/B (XNOR2_X1)
   3.103447    0.013763    0.045968    2.046803 v _151958_/ZN (XNOR2_X1)
                                                  _074374_ (net)
               0.013763    0.000065    2.046869 v _151960_/C2 (AOI221_X2)
   1.923955    0.036347    0.049381    2.096250 ^ _151960_/ZN (AOI221_X2)
                                                  _074376_ (net)
               0.036347    0.000064    2.096314 ^ _151961_/C1 (OAI221_X1)
   2.101850    0.018317    0.032928    2.129241 v _151961_/ZN (OAI221_X1)
                                                  _074377_ (net)
               0.018317    0.000110    2.129352 v _151962_/B (MUX2_X1)
   1.242500    0.009516    0.060686    2.190038 v _151962_/Z (MUX2_X1)
                                                  _005515_ (net)
               0.009516    0.000023    2.190061 v _170351_/D (DFFR_X2)
                                       2.190061   data arrival time

                           5.000000    5.000000   clock clk (rise edge)
                           0.360537    5.360537   clock network delay (propagated)
                          -0.100000    5.260537   clock uncertainty
                           0.000000    5.260537   clock reconvergence pessimism
                                       5.260537 ^ _170351_/CK (DFFR_X2)
                          -0.038409    5.222128   library setup time
                                       5.222128   data required time
---------------------------------------------------------------------------------------
                                       5.222128   data required time
                                      -2.190061   data arrival time
---------------------------------------------------------------------------------------
                                       3.032067   slack (MET)


Startpoint: _175292_ (rising edge-triggered flip-flop clocked by clk)
Endpoint: _170344_ (rising edge-triggered flip-flop clocked by clk)
Path Group: clk
Path Type: max

        Cap        Slew       Delay        Time   Description
---------------------------------------------------------------------------------------
                           0.000000    0.000000   clock clk (rise edge)
                           0.353233    0.353233   clock network delay (propagated)
               0.011496    0.000000    0.353233 ^ _175292_/CK (DFFR_X2)
  48.199711    0.054509    0.176894    0.530127 ^ _175292_/Q (DFFR_X2)
                                                  aes_state_q[98] (net)
               0.055252    0.008375    0.538502 ^ fanout11705/A (BUF_X8)
  71.509155    0.016498    0.036561    0.575063 ^ fanout11705/Z (BUF_X8)
                                                  net11705 (net)
               0.029919    0.018639    0.593702 ^ fanout11704/A (BUF_X16)
 147.551651    0.010679    0.028934    0.622635 ^ fanout11704/Z (BUF_X16)
                                                  net11704 (net)
               0.053727    0.041791    0.664427 ^ fanout11703/A (BUF_X16)
 153.500122    0.019716    0.041461    0.705888 ^ fanout11703/Z (BUF_X16)
                                                  net11703 (net)
               0.023723    0.010181    0.716069 ^ _120292_/A (XOR2_X2)
  29.239483    0.079658    0.115140    0.831208 ^ _120292_/Z (XOR2_X2)
                                                  _044495_ (net)
               0.079662    0.001506    0.832715 ^ _123147_/B1 (OAI22_X4)
   6.231343    0.016628    0.029949    0.862664 v _123147_/ZN (OAI22_X4)
                                                  _047348_ (net)
               0.016628    0.000096    0.862759 v _123151_/C1 (AOI211_X1)
   1.990481    0.038902    0.042340    0.905099 ^ _123151_/ZN (AOI211_X1)
                                                  _047352_ (net)
               0.038902    0.000051    0.905150 ^ _123159_/C1 (AOI211_X1)
   2.317413    0.015444    0.023400    0.928550 v _123159_/ZN (AOI211_X1)
                                                  _047360_ (net)
               0.015444    0.000112    0.928662 v _123161_/B1 (OAI33_X1)
   8.863386    0.110372    0.124412    1.053074 ^ _123161_/ZN (OAI33_X1)
                                                  _047362_ (net)
               0.110372    0.000723    1.053797 ^ _123182_/C2 (AOI211_X2)
  24.407600    0.036547    0.059048    1.112845 v _123182_/ZN (AOI211_X2)
                                                  _047383_ (net)
               0.036729    0.004065    1.116910 v _123184_/A3 (OR3_X1)
   5.301845    0.017121    0.099323    1.216233 v _123184_/ZN (OR3_X1)
                                                  _047385_ (net)
               0.017122    0.000142    1.216375 v _123186_/A3 (AND3_X1)
   5.083462    0.009788    0.045537    1.261911 v _123186_/ZN (AND3_X1)
                                                  _047387_ (net)
               0.009788    0.000168    1.262079 v _125692_/A1 (OR4_X1)
   4.603135    0.020788    0.092718    1.354797 v _125692_/ZN (OR4_X1)
                                                  _049877_ (net)
               0.020788    0.000072    1.354869 v _125694_/A3 (AND3_X1)
   4.611729    0.009428    0.046695    1.401564 v _125694_/ZN (AND3_X1)
                                                  _049879_ (net)
               0.009428    0.000060    1.401624 v _125699_/A2 (OR3_X2)
   7.095909    0.014624    0.076955    1.478578 v _125699_/ZN (OR3_X2)
                                                  _049884_ (net)
               0.014625    0.000511    1.479089 v _125700_/A3 (AND3_X1)
   3.136153    0.008000    0.040848    1.519937 v _125700_/ZN (AND3_X1)
                                                  _049885_ (net)
               0.008000    0.000214    1.520151 v _125713_/B1 (OAI33_X1)
  10.863967    0.125020    0.137910    1.658060 ^ _125713_/ZN (OAI33_X1)
                                                  _049898_ (net)
               0.125020    0.000726    1.658786 ^ _125779_/B1 (OAI21_X4)
  60.808758    0.051534    0.065449    1.724235 v _125779_/ZN (OAI21_X4)
                                                  _049964_ (net)
               0.057761    0.026137    1.750372 v _148767_/A1 (AND2_X2)
  20.578632    0.014648    0.059929    1.810301 v _148767_/ZN (AND2_X2)
                                                  _071413_ (net)
               0.014648    0.000273    1.810574 v _152113_/C2 (OAI211_X1)
   3.405754    0.028461    0.045123    1.855698 ^ _152113_/ZN (OAI211_X1)
                                                  _074522_ (net)
               0.028461    0.000075    1.855773 ^ _152116_/C1 (AOI211_X2)
   3.265431    0.019196    0.019313    1.875085 v _152116_/ZN (AOI211_X2)
                                                  _074525_ (net)
               0.019196    0.000077    1.875162 v _152122_/A (AOI211_X2)
   7.353968    0.050524    0.086823    1.961985 ^ _152122_/ZN (AOI211_X2)
                                                  _074531_ (net)
               0.050525    0.000533    1.962518 ^ _152124_/B2 (OAI21_X1)
   2.945672    0.018902    0.029299    1.991817 v _152124_/ZN (OAI21_X1)
                                                  _074533_ (net)
               0.018902    0.000061    1.991878 v _152126_/A3 (AND3_X1)
   1.711684    0.006683    0.040143    2.032020 v _152126_/ZN (AND3_X1)
                                                  _074535_ (net)
               0.006683    0.000036    2.032057 v _152128_/B2 (OAI33_X1)
   2.055022    0.059452    0.079040    2.111097 ^ _152128_/ZN (OAI33_X1)
                                                  _074537_ (net)
               0.059452    0.000077    2.111174 ^ _152129_/B2 (OAI21_X1)
   3.598625    0.021666    0.032583    2.143758 v _152129_/ZN (OAI21_X1)
                                                  _074538_ (net)
               0.021666    0.000172    2.143929 v _152131_/B1 (AOI22_X2)
   3.361316    0.024753    0.046714    2.190643 ^ _152131_/ZN (AOI22_X2)
                                                  _005522_ (net)
               0.024753    0.000288    2.190931 ^ _170344_/D (DFFR_X2)
                                       2.190931   data arrival time

                           5.000000    5.000000   clock clk (rise edge)
                           0.361340    5.361341   clock network delay (propagated)
                          -0.100000    5.261341   clock uncertainty
                           0.000000    5.261341   clock reconvergence pessimism
                                       5.261341 ^ _170344_/CK (DFFR_X2)
                          -0.035302    5.226038   library setup time
                                       5.226038   data required time
---------------------------------------------------------------------------------------
                                       5.226038   data required time
                                      -2.190931   data arrival time
---------------------------------------------------------------------------------------
                                       3.035107   slack (MET)


Startpoint: _175253_ (rising edge-triggered flip-flop clocked by clk)
Endpoint: _170440_ (rising edge-triggered flip-flop clocked by clk)
Path Group: clk
Path Type: max

        Cap        Slew       Delay        Time   Description
---------------------------------------------------------------------------------------
                           0.000000    0.000000   clock clk (rise edge)
                           0.347753    0.347753   clock network delay (propagated)
               0.011812    0.000000    0.347753 ^ _175253_/CK (DFFR_X2)
  93.017746    0.104292    0.230008    0.577760 ^ _175253_/Q (DFFR_X2)
                                                  aes_state_q[59] (net)
               0.104779    0.008556    0.586316 ^ fanout11785/A (BUF_X16)
 127.205902    0.018783    0.041918    0.628235 ^ fanout11785/Z (BUF_X16)
                                                  net11785 (net)
               0.026525    0.015423    0.643658 ^ fanout11784/A (BUF_X8)
  90.325340    0.024723    0.042548    0.686206 ^ fanout11784/Z (BUF_X8)
                                                  net11784 (net)
               0.027920    0.009442    0.695648 ^ fanout11783/A (BUF_X8)
  75.260712    0.023247    0.043606    0.739254 ^ fanout11783/Z (BUF_X8)
                                                  net11783 (net)
               0.023445    0.003088    0.742342 ^ _128158_/A2 (NOR3_X4)
  11.497390    0.010170    0.016395    0.758737 v _128158_/ZN (NOR3_X4)
                                                  _052330_ (net)
               0.010171    0.000267    0.759004 v _138916_/A4 (OR4_X1)
   3.552459    0.019590    0.122276    0.881280 v _138916_/ZN (OR4_X1)
                                                  _063024_ (net)
               0.019590    0.000222    0.881503 v _138917_/A3 (AND3_X1)
   4.296841    0.009133    0.045545    0.927048 v _138917_/ZN (AND3_X1)
                                                  _063025_ (net)
               0.009133    0.000109    0.927157 v _138932_/A2 (OR3_X1)
   3.661875    0.015427    0.081893    1.009049 v _138932_/ZN (OR3_X1)
                                                  _063040_ (net)
               0.015427    0.000236    1.009285 v _138935_/C1 (AOI211_X2)
  18.650688    0.088821    0.099489    1.108774 ^ _138935_/ZN (AOI211_X2)
                                                  _063043_ (net)
               0.088825    0.001828    1.110602 ^ _138940_/B (XNOR2_X2)
   7.536733    0.027777    0.055289    1.165891 ^ _138940_/ZN (XNOR2_X2)
                                                  _063048_ (net)
               0.027777    0.000335    1.166226 ^ _138941_/B (XOR2_X2)
   5.644781    0.027579    0.056276    1.222502 ^ _138941_/Z (XOR2_X2)
                                                  _063049_ (net)
               0.027579    0.000210    1.222712 ^ _143310_/A (XNOR2_X1)
   3.984198    0.028672    0.048863    1.271575 ^ _143310_/ZN (XNOR2_X1)
                                                  _067391_ (net)
               0.028672    0.000264    1.271838 ^ _143311_/B (XNOR2_X1)
   2.680803    0.022855    0.045763    1.317602 ^ _143311_/ZN (XNOR2_X1)
                                                  _067392_ (net)
               0.022855    0.000102    1.317703 ^ _143313_/A (XNOR2_X1)
   4.308141    0.030104    0.048373    1.366076 ^ _143313_/ZN (XNOR2_X1)
                                                  _067394_ (net)
               0.030104    0.000140    1.366216 ^ _143315_/A (XNOR2_X2)
   4.861349    0.013388    0.020754    1.386970 v _143315_/ZN (XNOR2_X2)
                                                  _067396_ (net)
               0.013389    0.000478    1.387449 v _143320_/C2 (AOI221_X2)
  13.049059    0.074812    0.093032    1.480481 ^ _143320_/ZN (AOI221_X2)
                                                  _067401_ (net)
               0.074814    0.001332    1.481813 ^ _143321_/B (XNOR2_X1)
   3.407989    0.024591    0.034181    1.515994 v _143321_/ZN (XNOR2_X1)
                                                  _067402_ (net)
               0.024591    0.000067    1.516061 v _143374_/B1 (AOI221_X2)
  22.559750    0.106971    0.150096    1.666157 ^ _143374_/ZN (AOI221_X2)
                                                  _067455_ (net)
               0.106984    0.003570    1.669727 ^ max_cap9941/A (BUF_X4)
  24.689943    0.017583    0.040940    1.710667 ^ max_cap9941/Z (BUF_X4)
                                                  net9941 (net)
               0.017991    0.004864    1.715531 ^ _148498_/A2 (NAND3_X2)
   6.260784    0.015103    0.027420    1.742951 v _148498_/ZN (NAND3_X2)
                                                  _071160_ (net)
               0.015103    0.000195    1.743146 v _150313_/A1 (AND3_X1)
   8.357059    0.012781    0.045056    1.788202 v _150313_/ZN (AND3_X1)
                                                  _072849_ (net)
               0.012781    0.000145    1.788347 v _150315_/A4 (OR4_X2)
   6.845555    0.018475    0.116006    1.904353 v _150315_/ZN (OR4_X2)
                                                  _072851_ (net)
               0.018475    0.000230    1.904583 v _150316_/A3 (NAND3_X4)
  39.349983    0.028314    0.041011    1.945593 ^ _150316_/ZN (NAND3_X4)
                                                  _072852_ (net)
               0.029208    0.008739    1.954332 ^ _150690_/A (XNOR2_X1)
   2.839506    0.025218    0.046526    2.000858 ^ _150690_/ZN (XNOR2_X1)
                                                  _073195_ (net)
               0.025218    0.000042    2.000900 ^ _150692_/B1 (AOI21_X1)
   1.815911    0.018876    0.017997    2.018897 v _150692_/ZN (AOI21_X1)
                                                  _073197_ (net)
               0.018876    0.000046    2.018944 v _150694_/B2 (OAI33_X1)
   4.716788    0.079652    0.104613    2.123556 ^ _150694_/ZN (OAI33_X1)
                                                  _073199_ (net)
               0.079652    0.000270    2.123826 ^ _150695_/B2 (OAI21_X1)
   1.905328    0.022613    0.028016    2.151842 v _150695_/ZN (OAI21_X1)
                                                  _073200_ (net)
               0.022613    0.000070    2.151912 v _150700_/B1 (AOI21_X1)
   1.484335    0.020565    0.030655    2.182567 ^ _150700_/ZN (AOI21_X1)
                                                  _005426_ (net)
               0.020565    0.000047    2.182615 ^ _170440_/D (DFFR_X2)
                                       2.182615   data arrival time

                           5.000000    5.000000   clock clk (rise edge)
                           0.355222    5.355223   clock network delay (propagated)
                          -0.100000    5.255223   clock uncertainty
                           0.000000    5.255223   clock reconvergence pessimism
                                       5.255223 ^ _170440_/CK (DFFR_X2)
                          -0.034251    5.220972   library setup time
                                       5.220972   data required time
---------------------------------------------------------------------------------------
                                       5.220972   data required time
                                      -2.182615   data arrival time
---------------------------------------------------------------------------------------
                                       3.038357   slack (MET)


Startpoint: _175196_ (rising edge-triggered flip-flop clocked by clk)
Endpoint: _170365_ (rising edge-triggered flip-flop clocked by clk)
Path Group: clk
Path Type: max

        Cap        Slew       Delay        Time   Description
---------------------------------------------------------------------------------------
                           0.000000    0.000000   clock clk (rise edge)
                           0.363399    0.363399   clock network delay (propagated)
               0.015980    0.000000    0.363399 ^ _175196_/CK (DFFR_X2)
  71.677971    0.081585    0.207993    0.571392 ^ _175196_/Q (DFFR_X2)
                                                  aes_state_q[2] (net)
               0.081677    0.003054    0.574446 ^ fanout11913/A (BUF_X16)
 141.235596    0.019703    0.042920    0.617366 ^ fanout11913/Z (BUF_X16)
                                                  net11913 (net)
               0.023127    0.009205    0.626571 ^ fanout11912/A (BUF_X16)
 156.233932    0.007972    0.024785    0.651355 ^ fanout11912/Z (BUF_X16)
                                                  net11912 (net)
               0.070508    0.056190    0.707545 ^ _138392_/A2 (OR2_X4)
  71.983742    0.040813    0.070434    0.777979 ^ _138392_/ZN (OR2_X4)
                                                  _062500_ (net)
               0.042102    0.008703    0.786682 ^ _138504_/A2 (NOR2_X2)
   9.205256    0.014703    0.021717    0.808399 v _138504_/ZN (NOR2_X2)
                                                  _062612_ (net)
               0.014704    0.000229    0.808628 v _140874_/A2 (NOR4_X2)
   3.776744    0.043958    0.068141    0.876769 ^ _140874_/ZN (NOR4_X2)
                                                  _064978_ (net)
               0.043958    0.000124    0.876893 ^ _140878_/B1 (OAI222_X2)
   6.537792    0.025121    0.048417    0.925310 v _140878_/ZN (OAI222_X2)
                                                  _064982_ (net)
               0.025121    0.000559    0.925869 v _140879_/A2 (OR2_X1)
   3.949007    0.011445    0.061228    0.987097 v _140879_/ZN (OR2_X1)
                                                  _064983_ (net)
               0.011445    0.000218    0.987315 v _140881_/C2 (AOI222_X2)
  17.874632    0.098327    0.151278    1.138593 ^ _140881_/ZN (AOI222_X2)
                                                  _064985_ (net)
               0.098331    0.002077    1.140669 ^ _140884_/A3 (NAND3_X1)
   5.657660    0.026604    0.044599    1.185269 v _140884_/ZN (NAND3_X1)
                                                  _064988_ (net)
               0.026605    0.000182    1.185451 v _140885_/A2 (AND2_X1)
   5.604237    0.009886    0.046522    1.231972 v _140885_/ZN (AND2_X1)
                                                  _064989_ (net)
               0.009886    0.000190    1.232162 v _143508_/A1 (OR3_X1)
   2.801666    0.014402    0.068473    1.300635 v _143508_/ZN (OR3_X1)
                                                  _067586_ (net)
               0.014402    0.000055    1.300690 v _143510_/A2 (AND3_X1)
   3.001509    0.007870    0.038487    1.339177 v _143510_/ZN (AND3_X1)
                                                  _067588_ (net)
               0.007870    0.000057    1.339234 v _143513_/A2 (OR3_X1)
   3.321317    0.015017    0.080505    1.419739 v _143513_/ZN (OR3_X1)
                                                  _067591_ (net)
               0.015017    0.000124    1.419863 v _143514_/A3 (AND3_X1)
   2.189807    0.007110    0.039199    1.459063 v _143514_/ZN (AND3_X1)
                                                  _067592_ (net)
               0.007110    0.000095    1.459158 v _143524_/B1 (OAI33_X1)
   8.834824    0.110160    0.121636    1.580794 ^ _143524_/ZN (OAI33_X1)
                                                  _067602_ (net)
               0.110161    0.000752    1.581547 ^ _143568_/C2 (OAI211_X4)
  59.267365    0.059216    0.092268    1.673815 v _143568_/ZN (OAI211_X4)
                                                  _067646_ (net)
               0.059839    0.013079    1.686893 v _148595_/A2 (AND3_X1)
   8.052814    0.013542    0.067345    1.754238 v _148595_/ZN (AND3_X1)
                                                  _071254_ (net)
               0.013542    0.000130    1.754368 v _150405_/A2 (OR3_X2)
   7.885311    0.015072    0.079510    1.833878 v _150405_/ZN (OR3_X2)
                                                  _072938_ (net)
               0.015072    0.000243    1.834121 v _150408_/A4 (AND4_X1)
   6.422097    0.011576    0.050702    1.884823 v _150408_/ZN (AND4_X1)
                                                  _072941_ (net)
               0.011577    0.000297    1.885121 v _150409_/A3 (NOR3_X4)
  46.995903    0.093254    0.124685    2.009806 ^ _150409_/ZN (NOR3_X4)
                                                  _072942_ (net)
               0.093661    0.008317    2.018123 ^ _151635_/A2 (NAND2_X1)
   2.419418    0.018124    0.024107    2.042230 v _151635_/ZN (NAND2_X1)
                                                  _074065_ (net)
               0.018124    0.000075    2.042305 v _151648_/A (XNOR2_X1)
   3.511672    0.014386    0.045839    2.088144 v _151648_/ZN (XNOR2_X1)
                                                  _074078_ (net)
               0.014386    0.000081    2.088226 v _151650_/C2 (OAI221_X2)
   3.581937    0.036919    0.038396    2.126621 ^ _151650_/ZN (OAI221_X2)
                                                  _074080_ (net)
               0.036919    0.000133    2.126755 ^ _151654_/C1 (AOI211_X2)
   3.080350    0.014554    0.020357    2.147112 v _151654_/ZN (AOI211_X2)
                                                  _074084_ (net)
               0.014554    0.000206    2.147317 v _151655_/B2 (AOI21_X1)
   1.409006    0.020389    0.031647    2.178965 ^ _151655_/ZN (AOI21_X1)
                                                  _005501_ (net)
               0.020389    0.000032    2.178997 ^ _170365_/D (DFFR_X2)
                                       2.178997   data arrival time

                           5.000000    5.000000   clock clk (rise edge)
                           0.352557    5.352557   clock network delay (propagated)
                          -0.100000    5.252557   clock uncertainty
                           0.000000    5.252557   clock reconvergence pessimism
                                       5.252557 ^ _170365_/CK (DFFR_X2)
                          -0.034250    5.218307   library setup time
                                       5.218307   data required time
---------------------------------------------------------------------------------------
                                       5.218307   data required time
                                      -2.178997   data arrival time
---------------------------------------------------------------------------------------
                                       3.039311   slack (MET)


Startpoint: _175292_ (rising edge-triggered flip-flop clocked by clk)
Endpoint: _170495_ (rising edge-triggered flip-flop clocked by clk)
Path Group: clk
Path Type: max

        Cap        Slew       Delay        Time   Description
---------------------------------------------------------------------------------------
                           0.000000    0.000000   clock clk (rise edge)
                           0.353233    0.353233   clock network delay (propagated)
               0.011496    0.000000    0.353233 ^ _175292_/CK (DFFR_X2)
  48.199711    0.054509    0.176894    0.530127 ^ _175292_/Q (DFFR_X2)
                                                  aes_state_q[98] (net)
               0.055252    0.008375    0.538502 ^ fanout11705/A (BUF_X8)
  71.509155    0.016498    0.036561    0.575063 ^ fanout11705/Z (BUF_X8)
                                                  net11705 (net)
               0.029919    0.018639    0.593702 ^ fanout11704/A (BUF_X16)
 147.551651    0.010679    0.028934    0.622635 ^ fanout11704/Z (BUF_X16)
                                                  net11704 (net)
               0.053727    0.041791    0.664427 ^ fanout11703/A (BUF_X16)
 153.500122    0.019716    0.041461    0.705888 ^ fanout11703/Z (BUF_X16)
                                                  net11703 (net)
               0.023723    0.010181    0.716069 ^ _120292_/A (XOR2_X2)
  29.239483    0.079658    0.115140    0.831208 ^ _120292_/Z (XOR2_X2)
                                                  _044495_ (net)
               0.079662    0.001506    0.832715 ^ _123147_/B1 (OAI22_X4)
   6.231343    0.016628    0.029949    0.862664 v _123147_/ZN (OAI22_X4)
                                                  _047348_ (net)
               0.016628    0.000096    0.862759 v _123151_/C1 (AOI211_X1)
   1.990481    0.038902    0.042340    0.905099 ^ _123151_/ZN (AOI211_X1)
                                                  _047352_ (net)
               0.038902    0.000051    0.905150 ^ _123159_/C1 (AOI211_X1)
   2.317413    0.015444    0.023400    0.928550 v _123159_/ZN (AOI211_X1)
                                                  _047360_ (net)
               0.015444    0.000112    0.928662 v _123161_/B1 (OAI33_X1)
   8.863386    0.110372    0.124412    1.053074 ^ _123161_/ZN (OAI33_X1)
                                                  _047362_ (net)
               0.110372    0.000723    1.053797 ^ _123182_/C2 (AOI211_X2)
  24.407600    0.036547    0.059048    1.112845 v _123182_/ZN (AOI211_X2)
                                                  _047383_ (net)
               0.036729    0.004065    1.116910 v _123184_/A3 (OR3_X1)
   5.301845    0.017121    0.099323    1.216233 v _123184_/ZN (OR3_X1)
                                                  _047385_ (net)
               0.017122    0.000142    1.216375 v _123186_/A3 (AND3_X1)
   5.083462    0.009788    0.045537    1.261911 v _123186_/ZN (AND3_X1)
                                                  _047387_ (net)
               0.009788    0.000168    1.262079 v _125692_/A1 (OR4_X1)
   4.603135    0.020788    0.092718    1.354797 v _125692_/ZN (OR4_X1)
                                                  _049877_ (net)
               0.020788    0.000072    1.354869 v _125694_/A3 (AND3_X1)
   4.611729    0.009428    0.046695    1.401564 v _125694_/ZN (AND3_X1)
                                                  _049879_ (net)
               0.009428    0.000060    1.401624 v _125699_/A2 (OR3_X2)
   7.095909    0.014624    0.076955    1.478578 v _125699_/ZN (OR3_X2)
                                                  _049884_ (net)
               0.014625    0.000511    1.479089 v _125700_/A3 (AND3_X1)
   3.136153    0.008000    0.040848    1.519937 v _125700_/ZN (AND3_X1)
                                                  _049885_ (net)
               0.008000    0.000214    1.520151 v _125713_/B1 (OAI33_X1)
  10.863967    0.125020    0.137910    1.658060 ^ _125713_/ZN (OAI33_X1)
                                                  _049898_ (net)
               0.125020    0.000726    1.658786 ^ _125779_/B1 (OAI21_X4)
  60.808758    0.051534    0.065449    1.724235 v _125779_/ZN (OAI21_X4)
                                                  _049964_ (net)
               0.057761    0.026137    1.750372 v _148767_/A1 (AND2_X2)
  20.578632    0.014648    0.059929    1.810301 v _148767_/ZN (AND2_X2)
                                                  _071413_ (net)
               0.014671    0.001323    1.811624 v _149709_/A (MUX2_X1)
   2.929970    0.011314    0.063471    1.875095 v _149709_/Z (MUX2_X1)
                                                  _072275_ (net)
               0.011314    0.000079    1.875174 v _149710_/A2 (NAND2_X1)
   3.112756    0.012488    0.021362    1.896537 ^ _149710_/ZN (NAND2_X1)
                                                  _072276_ (net)
               0.012488    0.000051    1.896588 ^ _149897_/A1 (AND3_X1)
   2.260620    0.011523    0.042921    1.939509 ^ _149897_/ZN (AND3_X1)
                                                  _072455_ (net)
               0.011524    0.000098    1.939607 ^ _149904_/B (AOI211_X1)
   2.165918    0.018587    0.014459    1.954066 v _149904_/ZN (AOI211_X1)
                                                  _072462_ (net)
               0.018587    0.000094    1.954160 v _149905_/B2 (OAI21_X1)
   4.875817    0.032369    0.051564    2.005725 ^ _149905_/ZN (OAI21_X1)
                                                  _072463_ (net)
               0.032369    0.000251    2.005976 ^ _149909_/A (XNOR2_X2)
  11.653874    0.036779    0.052614    2.058590 ^ _149909_/ZN (XNOR2_X2)
                                                  _072467_ (net)
               0.036785    0.001400    2.059990 ^ _149910_/B1 (OAI22_X4)
  18.264782    0.022924    0.032406    2.092396 v _149910_/ZN (OAI22_X4)
                                                  _072468_ (net)
               0.022965    0.002881    2.095278 v _149911_/B2 (AOI22_X1)
   2.024547    0.026013    0.053410    2.148687 ^ _149911_/ZN (AOI22_X1)
                                                  _072469_ (net)
               0.026013    0.000053    2.148740 ^ _149912_/A (OAI21_X1)
   1.547085    0.011405    0.022041    2.170781 v _149912_/ZN (OAI21_X1)
                                                  _005373_ (net)
               0.011405    0.000047    2.170828 v _170495_/D (DFFR_X2)
                                       2.170828   data arrival time

                           5.000000    5.000000   clock clk (rise edge)
                           0.350547    5.350547   clock network delay (propagated)
                          -0.100000    5.250547   clock uncertainty
                           0.000000    5.250547   clock reconvergence pessimism
                                       5.250547 ^ _170495_/CK (DFFR_X2)
                          -0.039072    5.211475   library setup time
                                       5.211475   data required time
---------------------------------------------------------------------------------------
                                       5.211475   data required time
                                      -2.170828   data arrival time
---------------------------------------------------------------------------------------
                                       3.040647   slack (MET)


Startpoint: _175196_ (rising edge-triggered flip-flop clocked by clk)
Endpoint: _170508_ (rising edge-triggered flip-flop clocked by clk)
Path Group: clk
Path Type: max

        Cap        Slew       Delay        Time   Description
---------------------------------------------------------------------------------------
                           0.000000    0.000000   clock clk (rise edge)
                           0.363399    0.363399   clock network delay (propagated)
               0.015980    0.000000    0.363399 ^ _175196_/CK (DFFR_X2)
  71.677971    0.081585    0.207993    0.571392 ^ _175196_/Q (DFFR_X2)
                                                  aes_state_q[2] (net)
               0.081677    0.003054    0.574446 ^ fanout11913/A (BUF_X16)
 141.235596    0.019703    0.042920    0.617366 ^ fanout11913/Z (BUF_X16)
                                                  net11913 (net)
               0.023127    0.009205    0.626571 ^ fanout11912/A (BUF_X16)
 156.233932    0.007972    0.024785    0.651355 ^ fanout11912/Z (BUF_X16)
                                                  net11912 (net)
               0.070508    0.056190    0.707545 ^ _138392_/A2 (OR2_X4)
  71.983742    0.040813    0.070434    0.777979 ^ _138392_/ZN (OR2_X4)
                                                  _062500_ (net)
               0.042102    0.008703    0.786682 ^ _138504_/A2 (NOR2_X2)
   9.205256    0.014703    0.021717    0.808399 v _138504_/ZN (NOR2_X2)
                                                  _062612_ (net)
               0.014704    0.000229    0.808628 v _140874_/A2 (NOR4_X2)
   3.776744    0.043958    0.068141    0.876769 ^ _140874_/ZN (NOR4_X2)
                                                  _064978_ (net)
               0.043958    0.000124    0.876893 ^ _140878_/B1 (OAI222_X2)
   6.537792    0.025121    0.048417    0.925310 v _140878_/ZN (OAI222_X2)
                                                  _064982_ (net)
               0.025121    0.000559    0.925869 v _140879_/A2 (OR2_X1)
   3.949007    0.011445    0.061228    0.987097 v _140879_/ZN (OR2_X1)
                                                  _064983_ (net)
               0.011445    0.000218    0.987315 v _140881_/C2 (AOI222_X2)
  17.874632    0.098327    0.151278    1.138593 ^ _140881_/ZN (AOI222_X2)
                                                  _064985_ (net)
               0.098331    0.002077    1.140669 ^ _140884_/A3 (NAND3_X1)
   5.657660    0.026604    0.044599    1.185269 v _140884_/ZN (NAND3_X1)
                                                  _064988_ (net)
               0.026605    0.000182    1.185451 v _140885_/A2 (AND2_X1)
   5.604237    0.009886    0.046522    1.231972 v _140885_/ZN (AND2_X1)
                                                  _064989_ (net)
               0.009886    0.000190    1.232162 v _143508_/A1 (OR3_X1)
   2.801666    0.014402    0.068473    1.300635 v _143508_/ZN (OR3_X1)
                                                  _067586_ (net)
               0.014402    0.000055    1.300690 v _143510_/A2 (AND3_X1)
   3.001509    0.007870    0.038487    1.339177 v _143510_/ZN (AND3_X1)
                                                  _067588_ (net)
               0.007870    0.000057    1.339234 v _143513_/A2 (OR3_X1)
   3.321317    0.015017    0.080505    1.419739 v _143513_/ZN (OR3_X1)
                                                  _067591_ (net)
               0.015017    0.000124    1.419863 v _143514_/A3 (AND3_X1)
   2.189807    0.007110    0.039199    1.459063 v _143514_/ZN (AND3_X1)
                                                  _067592_ (net)
               0.007110    0.000095    1.459158 v _143524_/B1 (OAI33_X1)
   8.834824    0.110160    0.121636    1.580794 ^ _143524_/ZN (OAI33_X1)
                                                  _067602_ (net)
               0.110161    0.000752    1.581547 ^ _143568_/C2 (OAI211_X4)
  59.267365    0.059216    0.092268    1.673815 v _143568_/ZN (OAI211_X4)
                                                  _067646_ (net)
               0.059833    0.013041    1.686856 v _148592_/A2 (NOR3_X2)
   8.923170    0.047979    0.086495    1.773351 ^ _148592_/ZN (NOR3_X2)
                                                  _071251_ (net)
               0.047980    0.000153    1.773504 ^ _148596_/A1 (NOR2_X2)
  10.498417    0.015658    0.020578    1.794081 v _148596_/ZN (NOR2_X2)
                                                  _071255_ (net)
               0.015666    0.001037    1.795118 v _148597_/B (XOR2_X2)
   4.729694    0.012216    0.060299    1.855417 v _148597_/Z (XOR2_X2)
                                                  _071256_ (net)
               0.012216    0.000121    1.855538 v _148598_/B (XNOR2_X2)
  12.735279    0.020339    0.047487    1.903025 v _148598_/ZN (XNOR2_X2)
                                                  _071257_ (net)
               0.020373    0.002401    1.905425 v _148600_/A3 (NOR3_X2)
   6.521081    0.037974    0.066513    1.971938 ^ _148600_/ZN (NOR3_X2)
                                                  _071259_ (net)
               0.037974    0.000191    1.972129 ^ _148601_/A (AOI21_X4)
  14.525633    0.015506    0.022862    1.994991 v _148601_/ZN (AOI21_X4)
                                                  _071260_ (net)
               0.015523    0.001676    1.996667 v _148967_/A3 (OR3_X2)
  14.961097    0.018742    0.092029    2.088695 v _148967_/ZN (OR3_X2)
                                                  _071602_ (net)
               0.018753    0.001387    2.090082 v _149610_/A1 (OAI222_X2)
   1.938409    0.043709    0.032184    2.122267 ^ _149610_/ZN (OAI222_X2)
                                                  _072181_ (net)
               0.043709    0.000048    2.122314 ^ _149611_/B2 (AOI22_X1)
   1.638745    0.016555    0.028257    2.150571 v _149611_/ZN (AOI22_X1)
                                                  _072182_ (net)
               0.016555    0.000024    2.150595 v _149612_/A (INV_X1)
   1.555844    0.008342    0.015677    2.166272 ^ _149612_/ZN (INV_X1)
                                                  _005360_ (net)
               0.008342    0.000053    2.166325 ^ _170508_/D (DFFR_X2)
                                       2.166325   data arrival time

                           5.000000    5.000000   clock clk (rise edge)
                           0.343386    5.343386   clock network delay (propagated)
                          -0.100000    5.243386   clock uncertainty
                           0.000000    5.243386   clock reconvergence pessimism
                                       5.243386 ^ _170508_/CK (DFFR_X2)
                          -0.030979    5.212408   library setup time
                                       5.212408   data required time
---------------------------------------------------------------------------------------
                                       5.212408   data required time
                                      -2.166325   data arrival time
---------------------------------------------------------------------------------------
                                       3.046082   slack (MET)


Startpoint: _175196_ (rising edge-triggered flip-flop clocked by clk)
Endpoint: _170540_ (rising edge-triggered flip-flop clocked by clk)
Path Group: clk
Path Type: max

        Cap        Slew       Delay        Time   Description
---------------------------------------------------------------------------------------
                           0.000000    0.000000   clock clk (rise edge)
                           0.363399    0.363399   clock network delay (propagated)
               0.015980    0.000000    0.363399 ^ _175196_/CK (DFFR_X2)
  71.677971    0.081585    0.207993    0.571392 ^ _175196_/Q (DFFR_X2)
                                                  aes_state_q[2] (net)
               0.081677    0.003054    0.574446 ^ fanout11913/A (BUF_X16)
 141.235596    0.019703    0.042920    0.617366 ^ fanout11913/Z (BUF_X16)
                                                  net11913 (net)
               0.023127    0.009205    0.626571 ^ fanout11912/A (BUF_X16)
 156.233932    0.007972    0.024785    0.651355 ^ fanout11912/Z (BUF_X16)
                                                  net11912 (net)
               0.070508    0.056190    0.707545 ^ _138392_/A2 (OR2_X4)
  71.983742    0.040813    0.070434    0.777979 ^ _138392_/ZN (OR2_X4)
                                                  _062500_ (net)
               0.042102    0.008703    0.786682 ^ _138504_/A2 (NOR2_X2)
   9.205256    0.014703    0.021717    0.808399 v _138504_/ZN (NOR2_X2)
                                                  _062612_ (net)
               0.014704    0.000229    0.808628 v _140874_/A2 (NOR4_X2)
   3.776744    0.043958    0.068141    0.876769 ^ _140874_/ZN (NOR4_X2)
                                                  _064978_ (net)
               0.043958    0.000124    0.876893 ^ _140878_/B1 (OAI222_X2)
   6.537792    0.025121    0.048417    0.925310 v _140878_/ZN (OAI222_X2)
                                                  _064982_ (net)
               0.025121    0.000559    0.925869 v _140879_/A2 (OR2_X1)
   3.949007    0.011445    0.061228    0.987097 v _140879_/ZN (OR2_X1)
                                                  _064983_ (net)
               0.011445    0.000218    0.987315 v _140881_/C2 (AOI222_X2)
  17.874632    0.098327    0.151278    1.138593 ^ _140881_/ZN (AOI222_X2)
                                                  _064985_ (net)
               0.098331    0.002077    1.140669 ^ _140884_/A3 (NAND3_X1)
   5.657660    0.026604    0.044599    1.185269 v _140884_/ZN (NAND3_X1)
                                                  _064988_ (net)
               0.026605    0.000182    1.185451 v _140885_/A2 (AND2_X1)
   5.604237    0.009886    0.046522    1.231972 v _140885_/ZN (AND2_X1)
                                                  _064989_ (net)
               0.009886    0.000190    1.232162 v _143508_/A1 (OR3_X1)
   2.801666    0.014402    0.068473    1.300635 v _143508_/ZN (OR3_X1)
                                                  _067586_ (net)
               0.014402    0.000055    1.300690 v _143510_/A2 (AND3_X1)
   3.001509    0.007870    0.038487    1.339177 v _143510_/ZN (AND3_X1)
                                                  _067588_ (net)
               0.007870    0.000057    1.339234 v _143513_/A2 (OR3_X1)
   3.321317    0.015017    0.080505    1.419739 v _143513_/ZN (OR3_X1)
                                                  _067591_ (net)
               0.015017    0.000124    1.419863 v _143514_/A3 (AND3_X1)
   2.189807    0.007110    0.039199    1.459063 v _143514_/ZN (AND3_X1)
                                                  _067592_ (net)
               0.007110    0.000095    1.459158 v _143524_/B1 (OAI33_X1)
   8.834824    0.110160    0.121636    1.580794 ^ _143524_/ZN (OAI33_X1)
                                                  _067602_ (net)
               0.110161    0.000752    1.581547 ^ _143568_/C2 (OAI211_X4)
  59.267365    0.059216    0.092268    1.673815 v _143568_/ZN (OAI211_X4)
                                                  _067646_ (net)
               0.059833    0.013041    1.686856 v _148592_/A2 (NOR3_X2)
   8.923170    0.047979    0.086495    1.773351 ^ _148592_/ZN (NOR3_X2)
                                                  _071251_ (net)
               0.047980    0.000153    1.773504 ^ _148596_/A1 (NOR2_X2)
  10.498417    0.015658    0.020578    1.794081 v _148596_/ZN (NOR2_X2)
                                                  _071255_ (net)
               0.015666    0.001037    1.795118 v _148597_/B (XOR2_X2)
   4.729694    0.012216    0.060299    1.855417 v _148597_/Z (XOR2_X2)
                                                  _071256_ (net)
               0.012216    0.000121    1.855538 v _148598_/B (XNOR2_X2)
  12.735279    0.020339    0.047487    1.903025 v _148598_/ZN (XNOR2_X2)
                                                  _071257_ (net)
               0.020373    0.002401    1.905425 v _148600_/A3 (NOR3_X2)
   6.521081    0.037974    0.066513    1.971938 ^ _148600_/ZN (NOR3_X2)
                                                  _071259_ (net)
               0.037974    0.000191    1.972129 ^ _148601_/A (AOI21_X4)
  14.525633    0.015506    0.022862    1.994991 v _148601_/ZN (AOI21_X4)
                                                  _071260_ (net)
               0.015523    0.001676    1.996667 v _148967_/A3 (OR3_X2)
  14.961097    0.018742    0.092029    2.088695 v _148967_/ZN (OR3_X2)
                                                  _071602_ (net)
               0.018742    0.000280    2.088975 v _149260_/A2 (OR2_X1)
   1.791511    0.009194    0.053797    2.142771 v _149260_/ZN (OR2_X1)
                                                  _071863_ (net)
               0.009194    0.000057    2.142828 v _149272_/B1 (OAI21_X1)
   1.463760    0.021411    0.025513    2.168341 ^ _149272_/ZN (OAI21_X1)
                                                  _005328_ (net)
               0.021411    0.000045    2.168387 ^ _170540_/D (DFFR_X2)
                                       2.168387   data arrival time

                           5.000000    5.000000   clock clk (rise edge)
                           0.351676    5.351676   clock network delay (propagated)
                          -0.100000    5.251677   clock uncertainty
                           0.000000    5.251677   clock reconvergence pessimism
                                       5.251677 ^ _170540_/CK (DFFR_X2)
                          -0.034427    5.217250   library setup time
                                       5.217250   data required time
---------------------------------------------------------------------------------------
                                       5.217250   data required time
                                      -2.168387   data arrival time
---------------------------------------------------------------------------------------
                                       3.048863   slack (MET)


Startpoint: _175196_ (rising edge-triggered flip-flop clocked by clk)
Endpoint: _170500_ (rising edge-triggered flip-flop clocked by clk)
Path Group: clk
Path Type: max

        Cap        Slew       Delay        Time   Description
---------------------------------------------------------------------------------------
                           0.000000    0.000000   clock clk (rise edge)
                           0.363399    0.363399   clock network delay (propagated)
               0.015980    0.000000    0.363399 ^ _175196_/CK (DFFR_X2)
  71.677971    0.081585    0.207993    0.571392 ^ _175196_/Q (DFFR_X2)
                                                  aes_state_q[2] (net)
               0.081677    0.003054    0.574446 ^ fanout11913/A (BUF_X16)
 141.235596    0.019703    0.042920    0.617366 ^ fanout11913/Z (BUF_X16)
                                                  net11913 (net)
               0.023127    0.009205    0.626571 ^ fanout11912/A (BUF_X16)
 156.233932    0.007972    0.024785    0.651355 ^ fanout11912/Z (BUF_X16)
                                                  net11912 (net)
               0.070508    0.056190    0.707545 ^ _138392_/A2 (OR2_X4)
  71.983742    0.040813    0.070434    0.777979 ^ _138392_/ZN (OR2_X4)
                                                  _062500_ (net)
               0.042102    0.008703    0.786682 ^ _138504_/A2 (NOR2_X2)
   9.205256    0.014703    0.021717    0.808399 v _138504_/ZN (NOR2_X2)
                                                  _062612_ (net)
               0.014704    0.000229    0.808628 v _140874_/A2 (NOR4_X2)
   3.776744    0.043958    0.068141    0.876769 ^ _140874_/ZN (NOR4_X2)
                                                  _064978_ (net)
               0.043958    0.000124    0.876893 ^ _140878_/B1 (OAI222_X2)
   6.537792    0.025121    0.048417    0.925310 v _140878_/ZN (OAI222_X2)
                                                  _064982_ (net)
               0.025121    0.000559    0.925869 v _140879_/A2 (OR2_X1)
   3.949007    0.011445    0.061228    0.987097 v _140879_/ZN (OR2_X1)
                                                  _064983_ (net)
               0.011445    0.000218    0.987315 v _140881_/C2 (AOI222_X2)
  17.874632    0.098327    0.151278    1.138593 ^ _140881_/ZN (AOI222_X2)
                                                  _064985_ (net)
               0.098331    0.002077    1.140669 ^ _140884_/A3 (NAND3_X1)
   5.657660    0.026604    0.044599    1.185269 v _140884_/ZN (NAND3_X1)
                                                  _064988_ (net)
               0.026605    0.000182    1.185451 v _140885_/A2 (AND2_X1)
   5.604237    0.009886    0.046522    1.231972 v _140885_/ZN (AND2_X1)
                                                  _064989_ (net)
               0.009886    0.000190    1.232162 v _143508_/A1 (OR3_X1)
   2.801666    0.014402    0.068473    1.300635 v _143508_/ZN (OR3_X1)
                                                  _067586_ (net)
               0.014402    0.000055    1.300690 v _143510_/A2 (AND3_X1)
   3.001509    0.007870    0.038487    1.339177 v _143510_/ZN (AND3_X1)
                                                  _067588_ (net)
               0.007870    0.000057    1.339234 v _143513_/A2 (OR3_X1)
   3.321317    0.015017    0.080505    1.419739 v _143513_/ZN (OR3_X1)
                                                  _067591_ (net)
               0.015017    0.000124    1.419863 v _143514_/A3 (AND3_X1)
   2.189807    0.007110    0.039199    1.459063 v _143514_/ZN (AND3_X1)
                                                  _067592_ (net)
               0.007110    0.000095    1.459158 v _143524_/B1 (OAI33_X1)
   8.834824    0.110160    0.121636    1.580794 ^ _143524_/ZN (OAI33_X1)
                                                  _067602_ (net)
               0.110161    0.000752    1.581547 ^ _143568_/C2 (OAI211_X4)
  59.267365    0.059216    0.092268    1.673815 v _143568_/ZN (OAI211_X4)
                                                  _067646_ (net)
               0.059833    0.013041    1.686856 v _148592_/A2 (NOR3_X2)
   8.923170    0.047979    0.086495    1.773351 ^ _148592_/ZN (NOR3_X2)
                                                  _071251_ (net)
               0.047980    0.000153    1.773504 ^ _148596_/A1 (NOR2_X2)
  10.498417    0.015658    0.020578    1.794081 v _148596_/ZN (NOR2_X2)
                                                  _071255_ (net)
               0.015666    0.001037    1.795118 v _148597_/B (XOR2_X2)
   4.729694    0.012216    0.060299    1.855417 v _148597_/Z (XOR2_X2)
                                                  _071256_ (net)
               0.012216    0.000121    1.855538 v _148598_/B (XNOR2_X2)
  12.735279    0.020339    0.047487    1.903025 v _148598_/ZN (XNOR2_X2)
                                                  _071257_ (net)
               0.020373    0.002401    1.905425 v _148600_/A3 (NOR3_X2)
   6.521081    0.037974    0.066513    1.971938 ^ _148600_/ZN (NOR3_X2)
                                                  _071259_ (net)
               0.037974    0.000191    1.972129 ^ _148601_/A (AOI21_X4)
  14.525633    0.015506    0.022862    1.994991 v _148601_/ZN (AOI21_X4)
                                                  _071260_ (net)
               0.015515    0.001252    1.996243 v _148602_/A2 (OR2_X2)
  17.925882    0.015783    0.063356    2.059598 v _148602_/ZN (OR2_X2)
                                                  _071261_ (net)
               0.015786    0.000704    2.060302 v _149789_/A3 (NOR3_X2)
   5.524198    0.036086    0.060922    2.121225 ^ _149789_/ZN (NOR3_X2)
                                                  _072352_ (net)
               0.036087    0.000572    2.121797 ^ _149790_/A (AOI221_X1)
   1.751372    0.018824    0.019686    2.141483 v _149790_/ZN (AOI221_X1)
                                                  _072353_ (net)
               0.018824    0.000053    2.141536 v _149791_/B1 (OAI21_X1)
   1.339859    0.018001    0.028876    2.170412 ^ _149791_/ZN (OAI21_X1)
                                                  _005368_ (net)
               0.018001    0.000026    2.170438 ^ _170500_/D (DFFR_X2)
                                       2.170438   data arrival time

                           5.000000    5.000000   clock clk (rise edge)
                           0.353164    5.353164   clock network delay (propagated)
                          -0.100000    5.253164   clock uncertainty
                           0.000000    5.253164   clock reconvergence pessimism
                                       5.253164 ^ _170500_/CK (DFFR_X2)
                          -0.033629    5.219535   library setup time
                                       5.219535   data required time
---------------------------------------------------------------------------------------
                                       5.219535   data required time
                                      -2.170438   data arrival time
---------------------------------------------------------------------------------------
                                       3.049097   slack (MET)


Startpoint: _175292_ (rising edge-triggered flip-flop clocked by clk)
Endpoint: _170503_ (rising edge-triggered flip-flop clocked by clk)
Path Group: clk
Path Type: max

        Cap        Slew       Delay        Time   Description
---------------------------------------------------------------------------------------
                           0.000000    0.000000   clock clk (rise edge)
                           0.353233    0.353233   clock network delay (propagated)
               0.011496    0.000000    0.353233 ^ _175292_/CK (DFFR_X2)
  48.199711    0.054509    0.176894    0.530127 ^ _175292_/Q (DFFR_X2)
                                                  aes_state_q[98] (net)
               0.055252    0.008375    0.538502 ^ fanout11705/A (BUF_X8)
  71.509155    0.016498    0.036561    0.575063 ^ fanout11705/Z (BUF_X8)
                                                  net11705 (net)
               0.029919    0.018639    0.593702 ^ fanout11704/A (BUF_X16)
 147.551651    0.010679    0.028934    0.622635 ^ fanout11704/Z (BUF_X16)
                                                  net11704 (net)
               0.053727    0.041791    0.664427 ^ fanout11703/A (BUF_X16)
 153.500122    0.019716    0.041461    0.705888 ^ fanout11703/Z (BUF_X16)
                                                  net11703 (net)
               0.023723    0.010181    0.716069 ^ _120292_/A (XOR2_X2)
  29.239483    0.079658    0.115140    0.831208 ^ _120292_/Z (XOR2_X2)
                                                  _044495_ (net)
               0.079662    0.001506    0.832715 ^ _123147_/B1 (OAI22_X4)
   6.231343    0.016628    0.029949    0.862664 v _123147_/ZN (OAI22_X4)
                                                  _047348_ (net)
               0.016628    0.000096    0.862759 v _123151_/C1 (AOI211_X1)
   1.990481    0.038902    0.042340    0.905099 ^ _123151_/ZN (AOI211_X1)
                                                  _047352_ (net)
               0.038902    0.000051    0.905150 ^ _123159_/C1 (AOI211_X1)
   2.317413    0.015444    0.023400    0.928550 v _123159_/ZN (AOI211_X1)
                                                  _047360_ (net)
               0.015444    0.000112    0.928662 v _123161_/B1 (OAI33_X1)
   8.863386    0.110372    0.124412    1.053074 ^ _123161_/ZN (OAI33_X1)
                                                  _047362_ (net)
               0.110372    0.000723    1.053797 ^ _123182_/C2 (AOI211_X2)
  24.407600    0.036547    0.059048    1.112845 v _123182_/ZN (AOI211_X2)
                                                  _047383_ (net)
               0.036729    0.004065    1.116910 v _123184_/A3 (OR3_X1)
   5.301845    0.017121    0.099323    1.216233 v _123184_/ZN (OR3_X1)
                                                  _047385_ (net)
               0.017122    0.000142    1.216375 v _123186_/A3 (AND3_X1)
   5.083462    0.009788    0.045537    1.261911 v _123186_/ZN (AND3_X1)
                                                  _047387_ (net)
               0.009788    0.000168    1.262079 v _125692_/A1 (OR4_X1)
   4.603135    0.020788    0.092718    1.354797 v _125692_/ZN (OR4_X1)
                                                  _049877_ (net)
               0.020788    0.000072    1.354869 v _125694_/A3 (AND3_X1)
   4.611729    0.009428    0.046695    1.401564 v _125694_/ZN (AND3_X1)
                                                  _049879_ (net)
               0.009428    0.000060    1.401624 v _125699_/A2 (OR3_X2)
   7.095909    0.014624    0.076955    1.478578 v _125699_/ZN (OR3_X2)
                                                  _049884_ (net)
               0.014625    0.000511    1.479089 v _125700_/A3 (AND3_X1)
   3.136153    0.008000    0.040848    1.519937 v _125700_/ZN (AND3_X1)
                                                  _049885_ (net)
               0.008000    0.000214    1.520151 v _125713_/B1 (OAI33_X1)
  10.863967    0.125020    0.137910    1.658060 ^ _125713_/ZN (OAI33_X1)
                                                  _049898_ (net)
               0.125020    0.000726    1.658786 ^ _125779_/B1 (OAI21_X4)
  60.808758    0.051534    0.065449    1.724235 v _125779_/ZN (OAI21_X4)
                                                  _049964_ (net)
               0.057761    0.026137    1.750372 v _148767_/A1 (AND2_X2)
  20.578632    0.014648    0.059929    1.810301 v _148767_/ZN (AND2_X2)
                                                  _071413_ (net)
               0.014671    0.001323    1.811624 v _149709_/A (MUX2_X1)
   2.929970    0.011314    0.063471    1.875095 v _149709_/Z (MUX2_X1)
                                                  _072275_ (net)
               0.011314    0.000036    1.875131 v _149714_/B (MUX2_X1)
   2.991130    0.011365    0.062499    1.937629 v _149714_/Z (MUX2_X1)
                                                  _072280_ (net)
               0.011365    0.000073    1.937702 v _149715_/C1 (OAI221_X2)
   3.311567    0.036588    0.031716    1.969418 ^ _149715_/ZN (OAI221_X2)
                                                  _072281_ (net)
               0.036588    0.000063    1.969481 ^ _149720_/B1 (AOI21_X2)
   5.292255    0.014323    0.022472    1.991953 v _149720_/ZN (AOI21_X2)
                                                  _072286_ (net)
               0.014324    0.000385    1.992338 v _149723_/A (XNOR2_X2)
  13.554274    0.019250    0.048799    2.041137 v _149723_/ZN (XNOR2_X2)
                                                  _072289_ (net)
               0.019261    0.001325    2.042462 v _149724_/B1 (AOI22_X4)
   5.464533    0.023343    0.044029    2.086492 ^ _149724_/ZN (AOI22_X4)
                                                  _072290_ (net)
               0.023343    0.000212    2.086704 ^ _149725_/A2 (NOR2_X1)
   2.207922    0.013273    0.013806    2.100510 v _149725_/ZN (NOR2_X1)
                                                  _072291_ (net)
               0.013273    0.000085    2.100595 v _149726_/A (AOI21_X1)
   1.943030    0.023562    0.042327    2.142922 ^ _149726_/ZN (AOI21_X1)
                                                  _072292_ (net)
               0.023562    0.000058    2.142980 ^ _149727_/A (OAI21_X1)
   1.377532    0.011137    0.021097    2.164077 v _149727_/ZN (OAI21_X1)
                                                  _005365_ (net)
               0.011137    0.000043    2.164120 v _170503_/D (DFFR_X2)
                                       2.164120   data arrival time

                           5.000000    5.000000   clock clk (rise edge)
                           0.352442    5.352442   clock network delay (propagated)
                          -0.100000    5.252442   clock uncertainty
                           0.000000    5.252442   clock reconvergence pessimism
                                       5.252442 ^ _170503_/CK (DFFR_X2)
                          -0.038917    5.213524   library setup time
                                       5.213524   data required time
---------------------------------------------------------------------------------------
                                       5.213524   data required time
                                      -2.164120   data arrival time
---------------------------------------------------------------------------------------
                                       3.049404   slack (MET)


Startpoint: _175309_ (rising edge-triggered flip-flop clocked by clk)
Endpoint: _170359_ (rising edge-triggered flip-flop clocked by clk)
Path Group: clk
Path Type: max

        Cap        Slew       Delay        Time   Description
---------------------------------------------------------------------------------------
                           0.000000    0.000000   clock clk (rise edge)
                           0.367811    0.367811   clock network delay (propagated)
               0.010454    0.000000    0.367811 ^ _175309_/CK (DFFR_X2)
 115.444733    0.126701    0.249829    0.617640 ^ _175309_/Q (DFFR_X2)
                                                  aes_state_q[115] (net)
               0.128797    0.018936    0.636576 ^ fanout11669/A (BUF_X16)
 129.919006    0.018909    0.041458    0.678034 ^ fanout11669/Z (BUF_X16)
                                                  net11669 (net)
               0.025816    0.014140    0.692174 ^ fanout11668/A (BUF_X16)
 117.771637    0.014331    0.032143    0.724317 ^ fanout11668/Z (BUF_X16)
                                                  net11668 (net)
               0.019899    0.009591    0.733908 ^ _133517_/A2 (NOR2_X4)
  26.000471    0.017815    0.019866    0.753774 v _133517_/ZN (NOR2_X4)
                                                  _057657_ (net)
               0.017821    0.000966    0.754740 v _133529_/A2 (NAND2_X4)
  17.624937    0.015323    0.027742    0.782482 ^ _133529_/ZN (NAND2_X4)
                                                  _057669_ (net)
               0.015326    0.000629    0.783112 ^ _134784_/A (OAI211_X1)
   3.280073    0.021612    0.033232    0.816343 v _134784_/ZN (OAI211_X1)
                                                  _058922_ (net)
               0.021612    0.000111    0.816455 v _134785_/C1 (AOI222_X2)
   3.906782    0.050054    0.093107    0.909561 ^ _134785_/ZN (AOI222_X2)
                                                  _058923_ (net)
               0.050054    0.000120    0.909681 ^ _134786_/B2 (AOI21_X2)
   5.874268    0.013766    0.025000    0.934681 v _134786_/ZN (AOI21_X2)
                                                  _058924_ (net)
               0.013767    0.000257    0.934938 v _134803_/A2 (NOR4_X4)
  31.807419    0.099638    0.132715    1.067653 ^ _134803_/ZN (NOR4_X4)
                                                  _058941_ (net)
               0.099670    0.005350    1.073003 ^ _134805_/B (XNOR2_X2)
  18.266117    0.038229    0.057046    1.130049 v _134805_/ZN (XNOR2_X2)
                                                  _058943_ (net)
               0.038230    0.000542    1.130591 v _135601_/A (XOR2_X2)
   4.742959    0.017521    0.066237    1.196828 v _135601_/Z (XOR2_X2)
                                                  _059737_ (net)
               0.017521    0.000159    1.196987 v _135602_/B (XNOR2_X2)
   7.368420    0.019954    0.045235    1.242222 v _135602_/ZN (XNOR2_X2)
                                                  _059738_ (net)
               0.019955    0.000461    1.242683 v _135605_/A (XNOR2_X1)
   4.085541    0.015744    0.047849    1.290531 v _135605_/ZN (XNOR2_X1)
                                                  _059741_ (net)
               0.015745    0.000283    1.290815 v _135606_/A2 (OR2_X1)
   3.412623    0.010855    0.056399    1.347214 v _135606_/ZN (OR2_X1)
                                                  _059742_ (net)
               0.010855    0.000129    1.347343 v _135737_/B2 (AOI221_X2)
  23.964506    0.111672    0.157765    1.505108 ^ _135737_/ZN (AOI221_X2)
                                                  _059873_ (net)
               0.111696    0.004921    1.510029 ^ _135738_/B (XNOR2_X1)
   3.657366    0.031466    0.037191    1.547221 v _135738_/ZN (XNOR2_X1)
                                                  _059874_ (net)
               0.031466    0.000141    1.547362 v _135789_/B1 (AOI221_X2)
  23.636305    0.110659    0.156639    1.704000 ^ _135789_/ZN (AOI221_X2)
                                                  _059925_ (net)
               0.110668    0.002965    1.706965 ^ wire9972/A (BUF_X4)
  35.907978    0.022128    0.046032    1.752997 ^ wire9972/Z (BUF_X4)
                                                  net9972 (net)
               0.023829    0.008710    1.761707 ^ max_cap9971/A (BUF_X4)
  28.454510    0.017655    0.035766    1.797473 ^ max_cap9971/Z (BUF_X4)
                                                  net9971 (net)
               0.018300    0.004398    1.801872 ^ _149325_/A1 (NOR2_X4)
  20.214739    0.009752    0.015862    1.817733 v _149325_/ZN (NOR2_X4)
                                                  _071922_ (net)
               0.009763    0.000961    1.818695 v _151777_/B2 (AOI221_X2)
   2.133766    0.037106    0.072652    1.891347 ^ _151777_/ZN (AOI221_X2)
                                                  _074201_ (net)
               0.037106    0.000085    1.891431 ^ _151778_/A (AOI21_X1)
   3.430018    0.016884    0.022487    1.913919 v _151778_/ZN (AOI21_X1)
                                                  _074202_ (net)
               0.016884    0.000161    1.914080 v _151779_/B1 (AOI21_X2)
   5.296985    0.026676    0.034056    1.948136 ^ _151779_/ZN (AOI21_X2)
                                                  _074203_ (net)
               0.026676    0.000406    1.948542 ^ _151780_/B (XNOR2_X1)
   5.007117    0.033778    0.051002    1.999544 ^ _151780_/ZN (XNOR2_X1)
                                                  _074204_ (net)
               0.033778    0.000466    2.000010 ^ _151781_/B (XNOR2_X1)
   2.098691    0.020266    0.045401    2.045411 ^ _151781_/ZN (XNOR2_X1)
                                                  _074205_ (net)
               0.020266    0.000058    2.045470 ^ _151783_/C2 (AOI221_X1)
   1.573309    0.019520    0.018291    2.063761 v _151783_/ZN (AOI221_X1)
                                                  _074207_ (net)
               0.019520    0.000062    2.063823 v _151784_/A2 (OR2_X1)
   1.901747    0.009905    0.054417    2.118240 v _151784_/ZN (OR2_X1)
                                                  _074208_ (net)
               0.009905    0.000049    2.118289 v _151788_/B1 (AOI22_X1)
   2.621610    0.028649    0.045853    2.164142 ^ _151788_/ZN (AOI22_X1)
                                                  _005507_ (net)
               0.028649    0.000167    2.164310 ^ _170359_/D (DFFR_X2)
                                       2.164310   data arrival time

                           5.000000    5.000000   clock clk (rise edge)
                           0.361150    5.361150   clock network delay (propagated)
                          -0.100000    5.261150   clock uncertainty
                           0.000000    5.261150   clock reconvergence pessimism
                                       5.261150 ^ _170359_/CK (DFFR_X2)
                          -0.036356    5.224793   library setup time
                                       5.224793   data required time
---------------------------------------------------------------------------------------
                                       5.224793   data required time
                                      -2.164310   data arrival time
---------------------------------------------------------------------------------------
                                       3.060484   slack (MET)


Startpoint: _175196_ (rising edge-triggered flip-flop clocked by clk)
Endpoint: _170350_ (rising edge-triggered flip-flop clocked by clk)
Path Group: clk
Path Type: max

        Cap        Slew       Delay        Time   Description
---------------------------------------------------------------------------------------
                           0.000000    0.000000   clock clk (rise edge)
                           0.363399    0.363399   clock network delay (propagated)
               0.015980    0.000000    0.363399 ^ _175196_/CK (DFFR_X2)
  71.677971    0.081585    0.207993    0.571392 ^ _175196_/Q (DFFR_X2)
                                                  aes_state_q[2] (net)
               0.081677    0.003054    0.574446 ^ fanout11913/A (BUF_X16)
 141.235596    0.019703    0.042920    0.617366 ^ fanout11913/Z (BUF_X16)
                                                  net11913 (net)
               0.023127    0.009205    0.626571 ^ fanout11912/A (BUF_X16)
 156.233932    0.007972    0.024785    0.651355 ^ fanout11912/Z (BUF_X16)
                                                  net11912 (net)
               0.070508    0.056190    0.707545 ^ _138392_/A2 (OR2_X4)
  71.983742    0.040813    0.070434    0.777979 ^ _138392_/ZN (OR2_X4)
                                                  _062500_ (net)
               0.042102    0.008703    0.786682 ^ _138504_/A2 (NOR2_X2)
   9.205256    0.014703    0.021717    0.808399 v _138504_/ZN (NOR2_X2)
                                                  _062612_ (net)
               0.014704    0.000229    0.808628 v _140874_/A2 (NOR4_X2)
   3.776744    0.043958    0.068141    0.876769 ^ _140874_/ZN (NOR4_X2)
                                                  _064978_ (net)
               0.043958    0.000124    0.876893 ^ _140878_/B1 (OAI222_X2)
   6.537792    0.025121    0.048417    0.925310 v _140878_/ZN (OAI222_X2)
                                                  _064982_ (net)
               0.025121    0.000559    0.925869 v _140879_/A2 (OR2_X1)
   3.949007    0.011445    0.061228    0.987097 v _140879_/ZN (OR2_X1)
                                                  _064983_ (net)
               0.011445    0.000218    0.987315 v _140881_/C2 (AOI222_X2)
  17.874632    0.098327    0.151278    1.138593 ^ _140881_/ZN (AOI222_X2)
                                                  _064985_ (net)
               0.098332    0.002310    1.140903 ^ _142193_/B (XNOR2_X1)
   2.997709    0.025313    0.056597    1.197500 ^ _142193_/ZN (XNOR2_X1)
                                                  _066288_ (net)
               0.025313    0.000112    1.197612 ^ _142194_/B (XNOR2_X1)
   5.199769    0.034351    0.051248    1.248859 ^ _142194_/ZN (XNOR2_X1)
                                                  _066289_ (net)
               0.034351    0.000166    1.249025 ^ _142195_/B (XOR2_X1)
   3.066519    0.027612    0.057867    1.306892 ^ _142195_/Z (XOR2_X1)
                                                  _066290_ (net)
               0.027612    0.000122    1.307014 ^ _142196_/B (XNOR2_X1)
   4.232812    0.029774    0.049406    1.356420 ^ _142196_/ZN (XNOR2_X1)
                                                  _066291_ (net)
               0.029774    0.000091    1.356511 ^ _142200_/A (XNOR2_X2)
   5.457526    0.013030    0.021603    1.378114 v _142200_/ZN (XNOR2_X2)
                                                  _066295_ (net)
               0.013031    0.000409    1.378523 v _142206_/C2 (AOI211_X2)
  17.909101    0.086235    0.103069    1.481593 ^ _142206_/ZN (AOI211_X2)
                                                  _066301_ (net)
               0.086243    0.002623    1.484216 ^ _142207_/B (XNOR2_X1)
   3.336634    0.026538    0.034694    1.518909 v _142207_/ZN (XNOR2_X1)
                                                  _066302_ (net)
               0.026538    0.000129    1.519039 v _142251_/C2 (AOI221_X2)
  17.947126    0.091512    0.117325    1.636363 ^ _142251_/ZN (AOI221_X2)
                                                  _066346_ (net)
               0.091512    0.000547    1.636910 ^ wire10039/A (BUF_X4)
  45.292309    0.027440    0.052317    1.689227 ^ wire10039/Z (BUF_X4)
                                                  net10039 (net)
               0.027825    0.004771    1.693998 ^ _150365_/B2 (OAI21_X2)
   7.122277    0.014884    0.026187    1.720185 v _150365_/ZN (OAI21_X2)
                                                  _072899_ (net)
               0.014884    0.000092    1.720277 v _150369_/A2 (AND4_X1)
   8.862058    0.013815    0.050348    1.770625 v _150369_/ZN (AND4_X1)
                                                  _072903_ (net)
               0.013815    0.000250    1.770875 v _150373_/A2 (OR4_X2)
   5.877980    0.017893    0.100514    1.871390 v _150373_/ZN (OR4_X2)
                                                  _072907_ (net)
               0.017894    0.000182    1.871571 v _150375_/B1 (AOI21_X4)
  55.877361    0.073614    0.084094    1.955666 ^ _150375_/ZN (AOI21_X4)
                                                  _072909_ (net)
               0.074112    0.009356    1.965021 ^ _151963_/A1 (NAND2_X1)
   2.778082    0.020975    0.024828    1.989850 v _151963_/ZN (NAND2_X1)
                                                  _074378_ (net)
               0.020975    0.000121    1.989971 v _151974_/A (XNOR2_X1)
   2.015626    0.012623    0.043885    2.033856 v _151974_/ZN (XNOR2_X1)
                                                  _074389_ (net)
               0.012623    0.000083    2.033939 v _151976_/B1 (AOI21_X1)
   3.276528    0.028515    0.035521    2.069460 ^ _151976_/ZN (AOI21_X1)
                                                  _074391_ (net)
               0.028515    0.000062    2.069521 ^ _151980_/B1 (OAI21_X2)
   8.321949    0.021070    0.024896    2.094418 v _151980_/ZN (OAI21_X2)
                                                  _074395_ (net)
               0.021072    0.000750    2.095168 v _151981_/B (MUX2_X1)
   1.599140    0.009942    0.062853    2.158021 v _151981_/Z (MUX2_X1)
                                                  _005516_ (net)
               0.009942    0.000062    2.158082 v _170350_/D (DFFR_X2)
                                       2.158082   data arrival time

                           5.000000    5.000000   clock clk (rise edge)
                           0.360618    5.360618   clock network delay (propagated)
                          -0.100000    5.260618   clock uncertainty
                           0.000000    5.260618   clock reconvergence pessimism
                                       5.260618 ^ _170350_/CK (DFFR_X2)
                          -0.038580    5.222038   library setup time
                                       5.222038   data required time
---------------------------------------------------------------------------------------
                                       5.222038   data required time
                                      -2.158082   data arrival time
---------------------------------------------------------------------------------------
                                       3.063956   slack (MET)


